check_order,check_name,difference,tolerance,status,fix_location
1,"Subscription revenue ties to GL",0.0,0.05,PASS,"fact_subscription_mrr vs A4000"
2,"Services revenue ties to GL",0.0,0.05,PASS,"fact_project_financials vs A4010/A4020"
3,"Services labor ties to payroll",0.0,0.05,PASS,"fact_headcount_monthly vs A5020"
4,"Budget has twelve months",0.0,0,PASS,fact_budget
5,"Forecast has twelve months",0.0,0,PASS,fact_forecast
6,"Invoices reconcile",0.0,0.05,PASS,fact_invoice
7,"No negative MRR",0.0,0,PASS,fact_subscription_mrr
8,"No impossible utilization",0.0,0,PASS,fact_utilization_monthly
9,"Foreign key integrity",0.0,0,PASS,"database schema"
