month_start,project_id,customer_id,region_id,revenue_usd,direct_labor_cost_usd,subcontractor_cost_usd,travel_cost_usd,gross_profit_usd,billable_hours
2023-01-01,P0004,C0225,R02,37595.41,21938.32,858.74,725.93,14072.42,243
2023-02-01,P0004,C0225,R02,32650.51,17847.69,2206.15,742.96,11853.72,197.7
2023-03-01,P0004,C0225,R02,36602.23,20130.41,2549.29,73.2,13849.33,222
2023-04-01,P0004,C0225,R02,32750.56,14524.44,1913.66,628.07,15684.39,161.3
2023-05-01,P0004,C0225,R02,31312.5,16302.41,1920.54,494.14,12595.41,180.2
2023-06-01,P0004,C0225,R02,32402.93,16680.93,2274.97,268.2,13178.83,184.6
2023-07-01,P0004,C0225,R02,34619.1,21559.81,4474.73,343.61,8240.95,238.6
2023-08-01,P0004,C0225,R02,34447,23760.12,3056.12,526.28,7104.49,267.9
2023-01-01,P0005,C0298,R04,46679.03,27284.63,5713.66,482.83,13197.9,302.2
2023-02-01,P0005,C0298,R04,56254.21,30801.72,6339.55,842.97,18269.97,341.1
2023-03-01,P0005,C0298,R04,65829.4,36265.43,6565.29,541.18,22457.5,399.9
2023-04-01,P0005,C0298,R04,56254.21,24989.84,3311.07,402.61,27550.69,277.6
2023-05-01,P0005,C0298,R04,46679.03,24343.54,2137.46,392.81,19805.21,269.1
2023-06-01,P0005,C0298,R04,37103.84,19132.98,3341.77,256.07,14373.02,211.8
2023-07-01,P0005,C0298,R04,27528.66,17172.84,2570.21,485.8,7299.81,190.1
2023-08-01,P0005,C0298,R04,17953.47,12404.33,1530.86,160.74,3857.54,139.9
2023-01-01,P0006,C0035,R01,201793.58,118738.83,27651.32,3061.26,52342.18,1315.1
2023-02-01,P0006,C0035,R01,201793.58,111228.56,26433.84,1960.58,62170.6,1231.9
2023-03-01,P0006,C0035,R01,100896.79,55955.06,6718.49,1950.21,36273.02,617
2023-01-01,P0007,C0297,R03,40839.05,18899.73,224.59,203.73,21511,209.3
2023-02-01,P0007,C0297,R03,39688.97,17205.74,208.32,371.13,21903.78,190.6
2023-03-01,P0007,C0297,R03,39031.73,17024.5,196.22,311.1,21499.91,187.7
2023-04-01,P0007,C0297,R03,43014.67,15128.94,1301.01,442.91,26141.8,168.1
2023-05-01,P0007,C0297,R03,37106.62,15321.35,1387.91,74.21,20323.15,169.4
2023-01-01,P0008,C0123,R01,42141.81,24079.76,5708.79,827.39,11525.86,266.7
2023-02-01,P0008,C0123,R01,42564.54,22782.97,5487.61,363.82,13930.13,252.3
2023-03-01,P0008,C0123,R01,41343.93,22265.24,3419.89,381.28,15277.52,245.5
2023-04-01,P0008,C0123,R01,43901.18,19064.58,3362.32,267.29,21206.99,211.8
2023-05-01,P0008,C0123,R01,41435.6,21124.1,3111.81,346.66,16853.03,233.5
2023-06-01,P0008,C0123,R01,36191.68,18243.8,2173.17,806.83,14967.89,201.9
2023-07-01,P0008,C0123,R01,40654.02,24791.52,2650.43,630.3,12581.77,274.4
2023-08-01,P0008,C0123,R01,40888.88,27616.77,3209.12,81.78,9981.22,311.4
2023-09-01,P0008,C0123,R01,39877.33,24852.2,3025.84,266.22,11733.06,280.2
2023-10-01,P0008,C0123,R01,43603.12,27813.4,4496.45,280,11013.27,311.5
2023-01-01,P0009,C0103,R02,69048.41,39745.72,4338.99,195.43,24768.27,440.2
2023-02-01,P0009,C0103,R02,81161.69,43763.43,8067.81,824.15,28506.31,484.7
2023-03-01,P0009,C0103,R02,75036.89,40708.78,9754.71,891.91,23681.49,448.9
2023-04-01,P0009,C0103,R02,83056.15,36334.61,8188.03,1103.68,37429.83,403.6
2023-01-01,P0010,C0249,R02,125566.03,71039.4,11004.18,730.72,42791.73,786.8
2023-02-01,P0010,C0249,R02,132019.78,69966.42,7998.72,1571.24,52483.4,774.9
2023-03-01,P0010,C0249,R02,134035.01,71469.7,8204.08,1316.41,53044.83,788
2023-04-01,P0010,C0249,R02,135655.35,58327.87,18031.44,929.86,58366.19,648
2023-01-01,P0011,C0266,R03,99845.83,55532.42,6512.07,199.69,37601.65,615.1
2023-02-01,P0011,C0266,R03,112290.27,58503.56,15581.55,1034.95,37170.22,648
2023-03-01,P0011,C0266,R03,114106.34,59814.02,8701.61,2599.84,42990.87,659.5
2023-04-01,P0011,C0266,R03,107937.77,45624.92,7913.54,1714.39,52684.91,506.8
2023-05-01,P0011,C0266,R03,116677.37,57898.72,16490.21,446.52,41841.92,640
2023-06-01,P0011,C0266,R03,112885.42,55388.8,7038.5,1886.14,48571.97,613.1
2023-01-01,P0012,C0153,R03,21736.85,10999.46,1840.03,378.87,8518.49,121.8
2023-02-01,P0012,C0153,R03,12076.03,5724.3,1561.48,113.03,4677.21,63.4
2023-01-01,P0014,C0104,R03,8343.04,3686.09,894,77.51,3685.44,40.8
2023-02-01,P0014,C0104,R03,7855.27,3251.07,505.24,108.85,3990.11,36
2023-03-01,P0014,C0104,R03,8433.86,3511.92,623.73,148,4150.21,38.7
2023-04-01,P0014,C0104,R03,7957.22,2671.87,461.25,50.99,4773.11,29.7
2023-01-01,P0016,C0134,R02,6052.64,3624.41,945.56,130.36,1352.31,40.1
2023-01-01,P0017,C0007,R01,39380.88,23338.61,5794.07,913.27,9334.93,258.5
2023-02-01,P0017,C0007,R01,46084,25583.7,5268.14,656.82,14575.35,283.4
2023-03-01,P0017,C0007,R01,39380.88,21996.4,3573.31,78.76,13732.41,242.5
2023-04-01,P0017,C0007,R01,32677.75,14718.17,1349.14,334.84,16275.6,163.5
2023-05-01,P0017,C0007,R01,25974.62,13734.23,1817.97,365.92,10056.5,151.8
2023-06-01,P0017,C0007,R01,19271.49,10075.63,2173.46,140.68,6881.72,111.5
2023-07-01,P0017,C0007,R01,12568.36,7949.3,431.63,167.12,4020.3,88
2023-01-01,P0018,C0188,R01,45033.25,25223.41,3163.34,769.76,15876.74,279.4
2023-02-01,P0018,C0188,R01,52193.48,27384.84,6724.38,875.79,17208.47,303.3
2023-01-01,P0019,C0037,R03,45895.86,20443.12,837.58,813.86,23801.3,226.4
2023-02-01,P0019,C0037,R03,42631.88,17788.18,1642.46,555.42,22645.82,197
2023-03-01,P0019,C0037,R03,39675.71,16656.16,1084.3,696.52,21238.73,183.7
2023-04-01,P0019,C0037,R03,43957.84,14880.65,380.61,91.53,28605.05,165.3
2023-05-01,P0019,C0037,R03,44761.88,17788.84,1227.98,229.78,25515.28,196.6
2023-06-01,P0019,C0037,R03,40619.81,15961.69,1490.3,741.69,22426.13,176.7
2023-07-01,P0019,C0037,R03,41591.79,19771.6,794.92,458.11,20567.16,218.8
2023-01-01,P0020,C0055,R01,16161.95,7739.81,938.23,152.81,7331.1,85.7
2023-02-01,P0020,C0055,R01,8556.33,3838.37,396.37,151.09,4170.49,42.5
2023-01-01,P0021,C0275,R03,16305.54,7046.03,1572.06,239.43,7448.03,78
2023-01-01,P0022,C0276,R03,3867.7,1821.76,28.71,43.91,1973.31,20.2
2023-02-01,P0022,C0276,R03,3384.49,1493.33,125.98,61.8,1703.37,16.5
2023-03-01,P0022,C0276,R03,4033.54,1790.61,102.85,25.39,2114.68,19.7
2023-04-01,P0022,C0276,R03,4221.25,1511.1,162.11,58.27,2489.77,16.8
2023-05-01,P0022,C0276,R03,4095.44,1721.1,202.63,79.72,2092,19
2023-06-01,P0022,C0276,R03,3984.83,1655.83,38.44,50.11,2240.45,18.3
2023-07-01,P0022,C0276,R03,3721.23,1870.62,50.99,59.16,1740.46,20.7
2023-08-01,P0022,C0276,R03,3891.97,2166.89,135.08,39.79,1550.21,24.4
2023-01-01,P0024,C0083,R03,14343.64,8742.69,1215.83,66.4,4318.72,96.8
2023-02-01,P0024,C0083,R03,11793.66,6733.77,1033.52,168.19,3858.19,74.6
2023-03-01,P0024,C0083,R03,9243.68,5310.16,184.87,179.62,3569.02,58.6
2023-04-01,P0024,C0083,R03,6693.7,3100.73,734.6,41.86,2816.51,34.4
2023-05-01,P0024,C0083,R03,4143.72,2253.42,334.1,76.39,1479.81,24.9
2023-01-01,P0026,C0063,R02,45597.97,22380.99,3531.93,752.57,18932.48,247.9
2023-02-01,P0026,C0063,R02,31006.62,14256.46,3334.14,83.79,13332.22,157.9
2023-03-01,P0026,C0063,R02,16415.27,7593.79,1014.63,192.56,7614.3,83.7
2023-01-01,P0027,C0065,R01,14964.69,6732.06,898.08,186.12,7148.43,74.6
2023-02-01,P0027,C0065,R01,15873.27,6689.14,1043.43,109.85,8030.85,74.1
2023-03-01,P0027,C0065,R01,14886,6311.53,258.69,200.94,8114.84,69.6
2023-01-01,P0029,C0267,R03,2891.85,1497.91,78.28,48.03,1267.62,16.6
2023-02-01,P0029,C0267,R03,2901.3,1407.76,82.88,54.03,1356.64,15.6
2023-03-01,P0029,C0267,R03,2753.9,1344.43,108.11,12.95,1288.42,14.8
2023-04-01,P0029,C0267,R03,2915.08,1147.56,34.19,30.26,1703.07,12.7
2023-05-01,P0029,C0267,R03,2626.38,1213.77,89.94,31.33,1291.34,13.4
2023-06-01,P0029,C0267,R03,3071.66,1403.63,108.23,27.88,1531.93,15.5
2023-07-01,P0029,C0267,R03,2819.33,1558.54,72.17,26.9,1161.72,17.3
2023-08-01,P0029,C0267,R03,3066.85,1877.73,142.76,6.13,1040.23,21.2
2023-09-01,P0029,C0267,R03,3383.79,1911.68,67.56,31.9,1372.65,21.6
2023-10-01,P0029,C0267,R03,2799.03,1618.52,128.03,46.56,1005.92,18.1
2023-11-01,P0029,C0267,R03,2828.7,1675.78,86.3,25.21,1041.41,18.9
2024-12-01,P0031,C0107,R02,3249.29,910.99,83.9,34.74,2219.66,9.8
2025-01-01,P0031,C0107,R02,3939.94,1145.23,114.75,7.88,2672.08,12
2025-02-01,P0031,C0107,R02,3703.15,997.32,71.37,18.71,2615.75,10.4
2025-03-01,P0031,C0107,R02,3803.51,1200.63,49.28,36.55,2517.05,12.7
2025-04-01,P0031,C0107,R02,4007.42,1618.58,264.57,27.11,2097.16,17.1
2025-05-01,P0031,C0107,R02,4205.56,2021.08,98.73,98.74,1987.01,21.5
2025-06-01,P0031,C0107,R02,3955.24,1711.37,12.74,53.38,2177.74,18.2
2025-07-01,P0031,C0107,R02,3595.83,1665.77,117.34,56.49,1756.23,17.7
2025-08-01,P0031,C0107,R02,3859.15,1441.38,49.28,32.18,2336.31,15.5
2025-09-01,P0031,C0107,R02,4047.78,1402.15,68.83,28.69,2548.11,15
2025-10-01,P0031,C0107,R02,3955.87,1060.32,0,25.8,2869.75,11.3
2025-11-01,P0031,C0107,R02,3943.15,942.04,116.28,29,2855.82,10
2025-12-01,P0031,C0107,R02,4261.44,1436.59,20.61,53.73,2750.51,15.4
2026-01-01,P0031,C0107,R02,4273.78,1438.18,67.08,35.39,2733.13,15.1
2026-02-01,P0031,C0107,R02,4677.03,1470.32,113.27,55.33,3038.1,15.3
2026-03-01,P0031,C0107,R02,4319.06,1599.96,138.15,53.32,2527.63,16.6
2023-07-01,P0032,C0099,R01,9679.79,6653.94,1235.54,150.13,1640.18,73.6
2023-08-01,P0032,C0099,R01,11604.97,8835.38,512.15,37.58,2219.87,99.6
2023-09-01,P0032,C0099,R01,10280.07,7221.85,1573.89,185.84,1298.5,81.4
2023-10-01,P0032,C0099,R01,9629.37,6923.85,800.21,19.26,1886.06,77.5
2023-11-01,P0032,C0099,R01,10191.37,7507.63,847.85,182.93,1652.97,84.6
2023-12-01,P0032,C0099,R01,11010.74,6065.2,1021.45,156.61,3767.48,68.6
2024-01-01,P0032,C0099,R01,11973.66,6259.04,819.65,211.04,4683.93,68.8
2024-02-01,P0032,C0099,R01,13611.9,7160.29,819.81,124.91,5506.89,78.8
2025-03-01,P0033,C0185,R01,5741.26,2002.02,127.28,95.59,3516.38,21.1
2025-04-01,P0033,C0185,R01,6386.32,2849.41,90.68,87.45,3358.78,30.1
2025-05-01,P0033,C0185,R01,6151.07,3265.46,240.14,139.85,2505.63,34.7
2025-06-01,P0033,C0185,R01,6565.65,3138.22,286.09,105.77,3035.56,33.4
2025-07-01,P0033,C0185,R01,6951.67,3557.46,35.38,74.39,3284.45,37.8
2025-08-01,P0033,C0185,R01,7056.74,2911.56,123.68,88.44,3933.06,31.3
2025-09-01,P0033,C0185,R01,5919.6,2265.19,134.09,32.99,3487.33,24.3
2025-10-01,P0033,C0185,R01,5397.21,1598.09,128.41,140.52,3530.2,17
2025-11-01,P0033,C0185,R01,6264.67,1653.33,34.75,75.11,4501.48,17.6
2025-12-01,P0033,C0185,R01,5987.97,2229.93,170.75,43.46,3543.83,23.9
2026-01-01,P0033,C0185,R01,6590.9,2450.08,229.26,110.94,3800.61,25.7
2026-02-01,P0033,C0185,R01,6611.07,2295.88,189.17,103.64,4022.38,23.9
2026-03-01,P0033,C0185,R01,6553.36,2681.75,193.92,44.72,3632.98,27.9
2026-04-01,P0033,C0185,R01,7572.43,3181.96,31.58,78.35,4280.54,32.8
2026-05-01,P0033,C0185,R01,6856.31,2524.57,224.94,68.09,4038.71,26.4
2026-06-01,P0033,C0185,R01,7050.09,3035.97,0,31.37,3982.75,31.5
2025-04-01,P0034,C0117,R01,42910.79,24248.81,4770.77,85.82,13805.39,255.7
2025-05-01,P0034,C0117,R01,81053.72,54498.65,8492.02,806.33,17256.73,578.9
2025-06-01,P0034,C0117,R01,119196.65,72158.83,12328.1,2458.2,32251.52,768
2025-07-01,P0034,C0117,R01,81053.72,52534.23,11206.16,301.88,17011.46,558
2025-08-01,P0034,C0117,R01,42910.79,22423.72,7723.94,245.43,12517.7,240.9
2025-10-01,P0035,C0149,R01,55365.35,25159.04,1740.39,1121.69,27344.23,267.7
2025-11-01,P0035,C0149,R01,92275.59,37374.44,11510.26,953.97,42436.91,398.6
2025-12-01,P0035,C0149,R01,129185.82,73833.26,17405.6,926.04,37020.91,791
2026-01-01,P0035,C0149,R01,182975.17,104388.75,17627.87,4944.45,56014.1,1094.5
2026-02-01,P0035,C0149,R01,182975.17,97520.27,18929.95,3167.7,63357.26,1016
2026-03-01,P0035,C0149,R01,142314.02,89377.24,19176.08,754.35,33006.35,929.8
2026-04-01,P0035,C0149,R01,101652.87,65554.85,13795.07,1239.12,21063.84,675.1
2026-05-01,P0035,C0149,R01,60991.72,34466.21,4842.01,307.66,21375.85,361
2023-05-01,P0036,C0192,R02,26900.39,13672.73,3214.2,53.8,9959.65,151.1
2023-06-01,P0036,C0192,R02,22277.84,11196.22,2987.54,279.8,7814.27,123.9
2023-07-01,P0036,C0192,R02,23257.53,14140.19,968.08,245.27,7903.98,156.5
2023-08-01,P0036,C0192,R02,23777.9,16011.54,475.56,298.99,6991.81,180.5
2023-09-01,P0036,C0192,R02,22635.23,14064.22,2883.55,146.96,5540.5,158.6
2023-10-01,P0036,C0192,R02,24165.7,15368.38,2540.65,48.33,6208.35,172.1
2023-11-01,P0036,C0192,R02,23882.55,15560.71,3253.4,249.91,4818.52,175.3
2023-12-01,P0036,C0192,R02,22357.04,10892.35,1744.5,409.86,9310.33,123.2
2024-09-01,P0037,C0244,R03,32635.76,14280.53,1286.84,367.96,16700.43,156
2024-10-01,P0037,C0244,R03,37898.86,17908.87,3065.73,397.82,16526.45,196.1
2024-11-01,P0037,C0244,R03,33447.22,13140.99,3985.33,471.86,15849.03,144.1
2024-12-01,P0037,C0244,R03,35518.94,12021.11,3368.3,419.22,19710.31,129.9
2025-01-01,P0037,C0244,R03,36991.01,12979.52,2850.07,575.18,20586.24,136.2
2025-02-01,P0037,C0244,R03,34030.18,11063.35,1780.08,81.82,21104.93,114.9
2026-04-01,P0038,C0228,R01,22959.36,9199.1,858.99,230.23,12671.05,94.7
2026-05-01,P0038,C0228,R01,21633.04,7595.22,1002.82,209.47,12825.53,79.6
2026-06-01,P0038,C0228,R01,19760.03,8113.66,708.82,159.79,10777.77,84.3
2025-04-01,P0039,C0191,R02,23096.5,10787.29,2516.87,303.9,9488.44,113.8
2025-05-01,P0039,C0191,R02,22397.19,12446.54,1388.9,124.45,8437.29,132.2
2025-06-01,P0039,C0191,R02,25459.4,12738.43,1319.52,256.66,11144.79,135.6
2025-06-01,P0040,C0007,R01,12938.51,6638.32,869.15,40.96,5390.08,70.7
2025-07-01,P0040,C0007,R01,22348.34,12276.17,1057.93,189.44,8824.81,130.4
2025-08-01,P0040,C0007,R01,31758.17,14065.17,3231.03,498.41,13963.57,151.1
2025-09-01,P0040,C0007,R01,41168,16909.8,4154.58,899.22,19204.4,181.4
2025-10-01,P0040,C0007,R01,31758.17,10093.77,317.58,308.32,21038.5,107.4
2025-11-01,P0040,C0007,R01,22348.34,6331.04,1197.85,442.36,14377.09,67.5
2025-12-01,P0040,C0007,R01,12938.51,5172.06,606.43,134.64,7025.38,55.4
2024-04-01,P0041,C0210,R01,8785.21,4596.73,175.7,195.52,3817.26,50.5
2024-05-01,P0041,C0210,R01,14642.02,8888.37,1252.29,152.32,4349.05,98.4
2024-06-01,P0041,C0210,R01,20498.83,10620.8,1955.68,294.37,7627.97,117.2
2024-07-01,P0041,C0210,R01,26355.63,16917.66,2590.78,220.61,6626.58,187.8
2024-08-01,P0041,C0210,R01,26355.63,13882.54,2299.79,306.73,9866.57,153
2024-09-01,P0041,C0210,R01,20498.83,10570.32,2425.85,41,7461.65,115.5
2024-10-01,P0041,C0210,R01,14642.02,8153.64,792.08,331.3,5364.99,89.3
2024-11-01,P0041,C0210,R01,8785.21,4067.52,1406.06,72.07,3239.57,44.6
2025-08-01,P0042,C0246,R03,11979.91,5338.63,157.99,86.57,6396.72,57.4
2025-09-01,P0042,C0246,R03,11972.12,4948.08,398.7,150.53,6474.8,53.1
2025-10-01,P0042,C0246,R03,11561.56,3697.44,244.74,124.89,7494.48,39.3
2025-11-01,P0042,C0246,R03,12508.57,3565.53,475.21,240.66,8227.17,38
2025-12-01,P0042,C0246,R03,11684.79,4699.88,295.37,246.18,6443.35,50.3
2026-01-01,P0042,C0246,R03,12083.38,4851.53,208.23,136.5,6887.11,50.9
2026-02-01,P0042,C0246,R03,13176.75,4942.42,271.95,115.66,7846.71,51.5
2026-03-01,P0042,C0246,R03,13927,6155.54,456.51,138.89,7176.06,64
2026-04-01,P0042,C0246,R03,13477.77,6116.91,92.98,26.96,7240.92,63
2026-05-01,P0042,C0246,R03,13129.73,5221.65,442.17,197.7,7268.21,54.7
2026-06-01,P0042,C0246,R03,12793.93,5950.61,110.28,147.22,6585.82,61.8
2026-04-01,P0043,C0083,R03,23172.43,10270.71,1146.31,424.22,11331.19,105.8
2026-05-01,P0043,C0083,R03,20148.19,7825.32,784.65,263.78,11274.44,82
2026-06-01,P0043,C0083,R03,22789.31,10351.51,211.75,208.74,12017.31,107.5
2024-12-01,P0044,C0215,R02,227785.35,80684.04,12849.89,3794.39,130457.03,872.1
2025-01-01,P0044,C0215,R02,274010.47,100625.26,2740.1,4184.42,166460.68,1055.7
2025-02-01,P0044,C0215,R02,250325.58,85173.6,24925.38,3600.61,136625.98,884.3
2026-05-01,P0045,C0171,R03,72162.41,33542.1,5300.75,837.78,32481.76,351.3
2026-06-01,P0045,C0171,R03,66755.16,36288.61,8234.16,481.4,21750.99,376.9
2025-01-01,P0046,C0210,R01,19567.62,7886.69,2039.66,288.85,9352.41,82.7
2025-02-01,P0046,C0210,R01,36961.05,13802.61,1115.36,589.89,21453.2,143.3
2025-03-01,P0046,C0210,R01,54354.49,23791.09,2627.44,1112.86,26823.11,251.3
2025-04-01,P0046,C0210,R01,36961.05,20699.88,5983.35,666.54,9611.28,218.3
2025-05-01,P0046,C0210,R01,19567.62,13039.18,943.1,293.81,5291.53,138.5
2026-02-01,P0047,C0018,R01,33051.77,13799.99,3552.88,682.48,15016.42,143.8
2026-03-01,P0047,C0018,R01,38319.96,18853.23,3542.92,550.12,15373.7,196.1
2026-04-01,P0047,C0018,R01,35387.78,17878.04,2086.82,903.37,14519.55,184.1
2026-05-01,P0047,C0018,R01,37570.29,16632.15,5220.87,510.35,15206.91,174.2
2026-06-01,P0047,C0018,R01,35559.36,18410.44,1368.98,661.5,15118.44,191.2
2025-02-01,P0048,C0073,R01,140628.7,56478.34,16421.78,969.58,66759,586.4
2025-03-01,P0048,C0073,R01,151119.18,71136.03,19906.88,1060.32,59015.95,751.3
2025-04-01,P0048,C0073,R01,146047.12,87964.54,9957.23,2042.34,46083.01,927.7
2025-05-01,P0048,C0073,R01,145805.91,104490.94,5722.09,1949.38,33643.5,1109.9
2025-06-01,P0048,C0073,R01,141373.51,91218.77,14370.86,2374.44,33409.45,970.9
2025-07-01,P0048,C0073,R01,134804.72,93124.78,10336.44,1970.05,29373.45,989.1
2025-08-01,P0048,C0073,R01,143364.74,79849.88,11701.13,1462.78,50350.95,857.8
2023-06-01,P0049,C0014,R03,23316.36,11646.88,3973.42,462.01,7234.05,128.9
2023-07-01,P0049,C0014,R03,24119.51,14575.07,2872.33,594.7,6077.42,161.3
2023-08-01,P0049,C0014,R03,24778.36,16583.75,2131.2,332.13,5731.29,187
2023-09-01,P0049,C0014,R03,27131.95,16755.69,3101.44,205.45,7069.37,188.9
2023-10-01,P0049,C0014,R03,24322.64,15374.1,3243.95,273.56,5431.03,172.2
2025-08-01,P0050,C0114,R04,53939.11,21426.49,1158.05,1192.55,30162.01,230.2
2025-09-01,P0050,C0114,R04,52242.71,19246.97,259.52,657.81,32078.41,206.5
2025-10-01,P0050,C0114,R04,61208.99,17449.02,4265.71,1153.35,38340.91,185.7
2025-11-01,P0050,C0114,R04,57271.85,14552.21,788.32,274.41,41656.91,155.2
2025-12-01,P0050,C0114,R04,61214.66,21947.87,774.93,633.43,37858.43,235.1
2026-01-01,P0050,C0114,R04,59771.52,21392.21,2368.17,751.18,35259.96,224.3
2026-02-01,P0050,C0114,R04,67671.92,22626.17,88.17,135.34,44822.24,235.7
2026-03-01,P0050,C0114,R04,66734.04,26292.17,0,895.46,39546.41,273.5
2026-04-01,P0050,C0114,R04,64455.26,26076.14,2512.62,377.88,35488.62,268.5
2026-05-01,P0050,C0114,R04,63075.35,22360.53,1846.56,219.17,38649.09,234.2
2026-06-01,P0050,C0114,R04,64183.54,26610.45,1749.01,128.37,35695.71,276.4
2024-12-01,P0051,C0252,R01,29037.82,10196.68,1052.15,252.86,17536.12,110.2
2025-01-01,P0051,C0252,R01,31583.08,11498.14,3763.11,618.86,15702.98,120.6
2025-02-01,P0051,C0252,R01,32116.27,10833.23,2277.31,460.44,18545.29,112.5
2025-03-01,P0051,C0252,R01,29207.78,11547.64,1717.02,255.65,15687.46,122
2025-04-01,P0051,C0252,R01,35063.43,17737.56,2947.71,452.04,13926.12,187.1
2025-05-01,P0051,C0252,R01,32235,19402.43,3502.88,330.77,8998.93,206.1
2023-04-01,P0052,C0053,R01,114699.33,36456.33,4012.82,229.4,74000.79,405
2023-05-01,P0052,C0053,R01,116379.59,43425.27,1163.8,1405.2,70385.33,480
2024-10-01,P0053,C0274,R03,26194.62,12648.51,688.4,392.94,12464.78,138.5
2024-11-01,P0053,C0274,R03,22664.85,9099.27,1645.65,142.24,11777.7,99.8
2024-12-01,P0053,C0274,R03,26828.39,9278.21,1623.04,361.36,15565.78,100.3
2025-01-01,P0053,C0274,R03,23513.15,8430.6,1910.62,253.08,12918.85,88.5
2023-11-01,P0054,C0074,R04,87691.48,56464.04,7001.56,250.57,23975.3,636.1
2023-12-01,P0054,C0074,R04,83817.36,40355.91,9380.99,167.63,33912.83,456.5
2024-01-01,P0054,C0074,R04,107308.33,49029.65,9830.06,1206.03,47242.6,538.8
2024-02-01,P0054,C0074,R04,104834.78,48201.66,8283.77,634.84,47714.52,530.4
2024-03-01,P0054,C0074,R04,97035.72,47701.97,9751.05,2105.86,37476.83,521.7
2024-04-01,P0054,C0074,R04,108553.35,54299.68,4569.24,1335.98,48348.45,596.3
2024-02-01,P0055,C0124,R02,25315.91,9791.56,2076.17,164.62,13283.55,107.7
2024-03-01,P0055,C0124,R02,23293.37,9632.5,1585.96,322.74,11752.17,105.3
2024-04-01,P0055,C0124,R02,23233.74,9776.32,2220.41,369.21,10867.81,107.4
2024-05-01,P0055,C0124,R02,22686,11074.87,1502.17,217.44,9891.53,122.6
2024-06-01,P0055,C0124,R02,23581.9,9825.77,1373.31,289.83,12092.99,108.4
2024-07-01,P0055,C0124,R02,24610.57,12704.21,1975.42,389.14,9541.79,141
2026-05-01,P0056,C0045,R01,29016.01,10968.93,1356.23,58.03,16632.81,114.9
2026-06-01,P0056,C0045,R01,24732.41,10934.51,1094.86,68.35,12634.69,113.6
2025-07-01,P0057,C0049,R04,20908.38,9680.78,582.92,106.73,10537.94,102.8
2025-08-01,P0057,C0049,R04,21733.95,8113.36,1000.91,270.12,12349.56,87.2
2025-09-01,P0057,C0049,R04,21554.21,7462.48,680.97,217.56,13193.2,80.1
2025-10-01,P0057,C0049,R04,22383.01,5996.38,157.76,382.28,15846.59,63.8
2025-11-01,P0057,C0049,R04,22628.35,5403.25,795.06,478.08,15951.96,57.6
2025-12-01,P0057,C0049,R04,22535.65,7593.14,442.14,338.96,14161.41,81.3
2026-01-01,P0057,C0049,R04,22357.01,7519.51,858.38,113.47,13865.65,78.8
2026-02-01,P0057,C0049,R04,22623.08,7108.35,377.85,301.85,14835.03,74.1
2026-03-01,P0057,C0049,R04,25647.06,9495.79,208.46,488.4,15454.41,98.8
2026-04-01,P0057,C0049,R04,24054.06,9145.09,455.2,333.34,14120.44,94.2
2026-05-01,P0057,C0049,R04,26816.66,8933.91,57.16,507.88,17317.7,93.6
2026-06-01,P0057,C0049,R04,25275.45,9847.86,579.13,165.35,14683.1,102.3
2023-11-01,P0058,C0247,R01,316886.32,162936.59,25457.65,5500,122992.08,1835.5
2023-12-01,P0058,C0247,R01,277014.99,106506.7,8846.05,2674.87,158987.37,1204.7
2023-03-01,P0059,C0293,R02,55377.25,29450.25,3787.71,1148.86,20990.43,324.7
2023-04-01,P0059,C0293,R02,63210.97,27107.25,6192.17,838.37,29073.18,301.1
2023-05-01,P0059,C0293,R02,60566.39,30491.47,1759.52,1304.28,27011.12,337
2023-06-01,P0059,C0293,R02,54337.45,27048.79,7249.79,1008.13,19030.74,299.4
2023-07-01,P0059,C0293,R02,63335.79,38140.89,6463.4,831.89,17899.6,422.1
2023-08-01,P0059,C0293,R02,54777.21,36535.04,7284.85,393.5,10563.82,411.9
2023-09-01,P0059,C0293,R02,65422.15,40262.96,7313.25,211.66,17634.29,454
2023-10-01,P0059,C0293,R02,53866.14,33930.83,3873.79,733.98,15327.55,380
2024-10-01,P0060,C0241,R01,28882.96,12129.06,508.39,196.73,16048.77,132.8
2024-11-01,P0060,C0241,R01,31809.26,11106.2,1122.54,609.22,18971.3,121.8
2024-12-01,P0060,C0241,R01,29291.05,8809.74,0,542.72,19938.6,95.2
2025-01-01,P0060,C0241,R01,30645.2,9555.83,1074.76,466.88,19547.73,100.3
2025-02-01,P0060,C0241,R01,33259.37,9609.04,1953.86,75.7,21620.77,99.8
2025-03-01,P0060,C0241,R01,31697.68,10733.85,1469.11,361.17,19133.54,113.4
2025-04-01,P0060,C0241,R01,30180.19,13076.59,803.43,216.75,16083.42,137.9
2025-05-01,P0060,C0241,R01,29772.08,15348.67,370.36,254.03,13799.02,163
2025-06-01,P0060,C0241,R01,31768.99,14746.12,850.03,193.25,15979.59,157
2025-07-01,P0060,C0241,R01,29230.98,14526.52,794.69,595.18,13314.59,154.3
2025-08-01,P0060,C0241,R01,29575.97,11850.29,543.21,322.1,16860.38,127.3
2025-09-01,P0060,C0241,R01,32105.09,11930.35,0,485.55,19689.19,128
2025-10-01,P0060,C0241,R01,32065.99,9220.26,1062.7,408.49,21374.54,98.1
2023-10-01,P0061,C0229,R03,129244.66,55424.67,11204.79,2236.73,60378.47,620.7
2023-11-01,P0061,C0229,R03,122144.23,53664.08,5138.97,2526.64,60814.53,604.5
2023-12-01,P0061,C0229,R03,129176.36,42437.75,11249.38,2622.34,72866.9,480
2026-01-01,P0062,C0152,R01,29410.44,10029.58,896.78,647.03,17837.04,105.2
2026-02-01,P0062,C0152,R01,29410.44,9369.66,1516.14,647.03,17877.6,97.6
2025-03-01,P0063,C0251,R02,6154.33,4065.97,666.95,57.03,1364.38,42.9
2025-04-01,P0063,C0251,R02,9671.1,8175.29,753.05,128.46,614.29,86.2
2025-05-01,P0063,C0251,R02,13187.86,13264.49,1353.49,218.46,-1648.59,140.9
2025-06-01,P0063,C0251,R02,16704.62,15127.45,1708.82,128.71,-260.36,161
2025-07-01,P0063,C0251,R02,20221.38,19605.77,1924.5,133.89,-1442.77,208.2
2025-08-01,P0063,C0251,R02,20221.38,15807.23,2743.01,363.29,1307.85,169.8
2025-09-01,P0063,C0251,R02,16704.62,12110.74,1962.23,155.52,2476.13,129.9
2025-10-01,P0063,C0251,R02,13187.86,7398.23,1708.32,203.63,3877.68,78.7
2025-11-01,P0063,C0251,R02,9671.1,4835.72,518.44,153.67,4163.27,51.6
2025-12-01,P0063,C0251,R02,6154.33,4342.26,363.69,43.61,1404.78,46.5
2023-12-01,P0064,C0120,R04,177611.57,87563.54,12593.77,4814.57,72639.69,990.4
2024-01-01,P0064,C0120,R04,230517.49,107847.02,13078.19,2809.29,106782.98,1185.1
2024-02-01,P0064,C0120,R04,234009.41,110171.39,19057.81,4714.11,100066.09,1212.3
2024-03-01,P0064,C0120,R04,221370.86,111430.51,26046.59,3733.84,80159.91,1218.6
2024-04-01,P0064,C0120,R04,208798.87,106945.16,19518.26,3458.18,78877.27,1174.4
2024-05-01,P0064,C0120,R04,228357.78,135697.94,27852.65,3460.28,61346.91,1501.9
2024-06-01,P0064,C0120,R04,218478.54,110808.64,21377.22,4696.44,81596.25,1222.3
2026-03-01,P0065,C0246,R03,9546.79,4516.12,284.01,91.57,4655.09,47
2026-04-01,P0065,C0246,R03,16489.91,8009.99,1253.64,284.23,6942.05,82.5
2026-05-01,P0065,C0246,R03,23433.03,9974.23,2530.38,430.85,10497.57,104.5
2026-06-01,P0065,C0246,R03,30376.15,15121.33,1104.19,439.62,13711,157
2024-01-01,P0066,C0106,R03,42925.19,20172.12,3664.89,607.27,18480.9,221.7
2024-02-01,P0066,C0106,R03,65818.62,31125.72,7421.44,1277.17,25994.29,342.5
2024-03-01,P0066,C0106,R03,88712.05,44854.03,10366.06,1660.59,31831.37,490.5
2024-04-01,P0066,C0106,R03,111605.48,57418.74,11540.33,2271.59,40374.83,630.5
2024-05-01,P0066,C0106,R03,134498.91,80280.74,10515.79,1234.47,42467.92,888.5
2024-06-01,P0066,C0106,R03,157392.35,80183.24,11961.93,2700.48,62546.69,884.5
2024-07-01,P0066,C0106,R03,134498.91,84890.12,8380.98,2053.85,39173.97,942.3
2024-08-01,P0066,C0106,R03,111605.48,57803.28,7201.63,2932.89,43667.68,637
2024-09-01,P0066,C0106,R03,88712.05,44979.39,15856.23,792.71,27083.72,491.4
2024-10-01,P0066,C0106,R03,65818.62,36038.87,1316.37,173.06,28290.31,394.6
2024-11-01,P0066,C0106,R03,42925.19,19541.63,2917.44,545.51,19920.6,214.3
2025-09-01,P0067,C0300,R02,96540.96,45269.57,2675.24,2010.25,46585.9,485.6
2025-10-01,P0067,C0300,R02,89855.84,32603.19,2234.27,647.34,54371.04,346.9
2025-11-01,P0067,C0300,R02,89634.92,28988.31,7067.98,686.05,52892.58,309.2
2025-12-01,P0067,C0300,R02,80090.26,36548.93,7141.46,604.9,35794.97,391.5
2026-01-01,P0067,C0300,R02,112265.36,51140.52,6253.28,2023.89,52847.67,536.2
2026-02-01,P0067,C0300,R02,95595.56,40681.62,4865.66,668.71,49379.58,423.9
2023-01-01,P0068,C0265,R03,118835.64,75007.46,4432.14,1887.17,37508.87,830.8
2023-02-01,P0068,C0265,R03,128892.56,76209.51,15308.69,2199.11,35175.25,844.1
2023-03-01,P0068,C0265,R03,135406,80551.25,10106.32,762.72,43985.7,888.2
2023-04-01,P0068,C0265,R03,131228.55,62950.34,13945.13,262.46,54070.62,699.3
2023-05-01,P0068,C0265,R03,113929.82,64159.49,13217.74,1569.03,34983.57,709.2
2024-01-01,P0069,C0185,R01,10501.5,4538.22,877.15,144.24,4941.89,49.9
2024-02-01,P0069,C0185,R01,16502.36,7176.48,2145.1,224.31,6956.47,79
2024-03-01,P0069,C0185,R01,22503.22,10463.05,1403.55,179.41,10457.21,114.4
2024-04-01,P0069,C0185,R01,28504.07,13485.59,1911.51,97.13,13009.85,148.1
2024-05-01,P0069,C0185,R01,34504.93,18939.5,4174.51,640.53,10750.4,209.6
2024-06-01,P0069,C0185,R01,34504.93,16165.01,4634.81,238.37,13466.75,178.3
2024-07-01,P0069,C0185,R01,28504.07,16543.98,2971.59,855.12,8133.38,183.6
2024-08-01,P0069,C0185,R01,22503.22,10717.82,2666.36,209.81,8909.23,118.1
2024-09-01,P0069,C0185,R01,16502.36,7694.35,1483.88,354.1,6970.03,84.1
2024-10-01,P0069,C0185,R01,10501.5,5287.72,1265.35,44.82,3903.61,57.9
2025-03-01,P0070,C0156,R03,58647,23681.07,5171.27,408.4,29386.26,250.1
2025-04-01,P0070,C0156,R03,60660.81,31340.67,6526.21,1080.57,21713.35,330.5
2025-05-01,P0070,C0156,R03,58718.54,36096.43,3365.7,610.32,18646.09,383.4
2025-06-01,P0070,C0156,R03,62790.63,34753.34,2291.18,1094.89,24651.23,369.9
2025-07-01,P0070,C0156,R03,59346.71,35167.57,5096.82,615.38,18466.94,373.5
2025-08-01,P0070,C0156,R03,59537.45,28445.11,5676.74,960.09,24455.5,305.6
2025-09-01,P0070,C0156,R03,53294.59,23615.11,6454.5,567.41,22657.58,253.3
2025-10-01,P0070,C0156,R03,58639.97,20105.72,1969.15,552.42,36012.68,213.9
2023-05-01,P0071,C0203,R03,68601.67,27163.23,2264.57,137.2,39036.67,300.2
2023-06-01,P0071,C0203,R03,70995.97,27795.99,5315.92,141.99,37742.06,307.7
2024-12-01,P0072,C0276,R03,7017.25,2808.7,1082.46,40.94,3085.16,30.4
2025-01-01,P0072,C0276,R03,6361.4,2639.79,490.95,105.08,3125.59,27.7
2025-02-01,P0072,C0276,R03,6842.25,2630.72,559.45,67.19,3584.89,27.3
2025-03-01,P0072,C0276,R03,6735.49,3035.34,504.25,83.47,3112.42,32.1
2025-04-01,P0072,C0276,R03,6610.97,3811.96,538.24,146.33,2114.44,40.2
2025-05-01,P0072,C0276,R03,6735.34,4620.95,965.34,132.32,1016.73,49.1
2025-06-01,P0072,C0276,R03,6644.65,4104.46,589.24,143.13,1807.82,43.7
2025-07-01,P0072,C0276,R03,6645.41,4394.91,428.54,112.38,1709.58,46.7
2025-08-01,P0072,C0276,R03,7262.65,3872.53,464.19,173.79,2752.13,41.6
2025-09-01,P0072,C0276,R03,6980.2,3451.89,712.08,41.05,2775.18,37
2025-10-01,P0072,C0276,R03,6836.01,2615.84,944.06,128.43,3147.68,27.8
2025-11-01,P0072,C0276,R03,8005.16,2730.3,407.72,153.79,4713.35,29.1
2024-08-01,P0073,C0029,R04,19675.78,10540.43,1640.21,242.97,7252.18,116.2
2024-09-01,P0073,C0029,R04,29513.67,15477.95,2827.7,505.91,10702.11,169.1
2024-10-01,P0073,C0029,R04,39351.56,22286.59,2713.77,300.96,14050.24,244
2024-11-01,P0073,C0029,R04,49189.45,23162.2,5046.94,431.58,20548.72,253.9
2024-12-01,P0073,C0029,R04,59027.34,23942.94,5683.59,1172.07,28228.74,258.8
2025-01-01,P0073,C0029,R04,72078.54,30311.56,4286.2,362.58,37118.2,318
2025-02-01,P0073,C0029,R04,72078.54,28084.6,6793.97,1583.32,35616.66,291.6
2025-03-01,P0073,C0029,R04,61781.61,28215.22,4387.07,588.57,28590.75,298
2025-04-01,P0073,C0029,R04,51484.67,30084.78,7661.26,1269.5,12469.14,317.3
2025-05-01,P0073,C0029,R04,41187.74,28636.88,3172.51,560.07,8818.29,304.2
2025-06-01,P0073,C0029,R04,30890.8,19337.47,781.18,61.78,10710.37,205.8
2025-07-01,P0073,C0029,R04,20593.87,13802.33,1753.24,192.69,4845.61,146.6
2024-09-01,P0074,C0003,R02,23243.96,9097.1,1267.71,511.37,12367.79,99.4
2024-08-01,P0075,C0284,R01,32157.36,11077.42,0,707.46,20372.48,122.1
2024-09-01,P0075,C0284,R01,32157.36,10844.33,537.65,707.46,20067.92,118.5
2024-04-01,P0076,C0216,R04,32356.94,16744.98,5824.25,588.8,9198.91,183.9
2024-05-01,P0076,C0216,R04,32491.93,19508.2,1358.89,589.61,11035.23,215.9
2024-06-01,P0076,C0216,R04,32849.77,16833.77,4413.47,344.41,11258.11,185.7
2024-07-01,P0076,C0216,R04,31240.21,19833.59,2455.14,221.28,8730.2,220.2
2024-08-01,P0076,C0216,R04,30324.15,15798.09,3185.44,236.74,11103.87,174.1
2024-09-01,P0076,C0216,R04,29438.19,15013.82,673.97,747.89,13002.51,164
2024-10-01,P0076,C0216,R04,32688.79,18004.06,1058.1,600.35,13026.28,197.1
2024-11-01,P0076,C0216,R04,30036.91,13754.76,4026.8,537.95,11717.4,150.8
2024-12-01,P0076,C0216,R04,28555.12,11264.14,571.1,502.03,16217.85,121.8
2025-01-01,P0076,C0216,R04,35601.76,14560.08,2174.22,550.83,18316.64,152.8
2025-02-01,P0076,C0216,R04,30965.24,11733.47,1738.36,482.12,17011.29,121.8
2025-03-01,P0076,C0216,R04,35692.94,15852.45,3746.59,313.22,15780.69,167.4
2023-07-01,P0077,C0294,R03,67439.57,32866.38,6107.19,1173.19,27292.8,363.8
2023-08-01,P0077,C0294,R03,67396.47,36378.28,2816.82,1396.13,26805.23,410.2
2023-09-01,P0077,C0294,R03,68133.54,33934.17,2213.76,854.06,31131.55,382.6
2023-10-01,P0077,C0294,R03,64021.95,32636.45,1648.74,603.23,29133.53,365.5
2023-11-01,P0077,C0294,R03,61252.89,31990.48,1923.35,957.88,26381.17,360.4
2026-03-01,P0078,C0066,R04,16524.22,6896.57,888.36,304.78,8434.51,71.7
2026-04-01,P0078,C0066,R04,13913.14,5962.71,40.72,75.95,7833.77,61.4
2026-05-01,P0078,C0066,R04,17333.89,6509.56,610.21,158.31,10055.81,68.2
2026-06-01,P0078,C0066,R04,16620.17,7299.57,573.87,120.64,8626.09,75.8
2025-08-01,P0079,C0095,R03,28732.23,11061.88,1340.41,632.11,15697.82,118.8
2026-02-01,P0080,C0151,R02,36488.38,12035.85,1037,571.03,22844.49,125.4
2026-03-01,P0080,C0151,R02,36712.63,14269.68,1230.93,609.34,20602.67,148.5
2026-04-01,P0080,C0151,R02,35812.02,14293.34,1461.04,660.99,19396.65,147.2
2026-05-01,P0080,C0151,R02,37504.19,13116.62,1719.08,364.18,22304.31,137.4
2026-06-01,P0080,C0151,R02,36594.42,14967.98,1148.15,438.22,20040.07,155.5
2024-10-01,P0081,C0183,R03,3259.06,2131.4,249.49,19.25,858.93,23.3
2024-11-01,P0081,C0183,R03,4997.23,2717.24,99.94,41.83,2138.22,29.8
2024-12-01,P0081,C0183,R03,6735.39,3154.84,780.17,18.93,2781.45,34.1
2025-01-01,P0081,C0183,R03,8868.94,4306.9,934.21,175.08,3452.76,45.2
2025-02-01,P0081,C0183,R03,10688.21,4809.04,796.44,95.62,4987.12,49.9
2025-03-01,P0081,C0183,R03,12507.48,6596.07,731.75,130.18,5049.49,69.7
2025-04-01,P0081,C0183,R03,10688.21,7212.15,961.03,77.28,2437.75,76.1
2025-05-01,P0081,C0183,R03,8868.94,7120.66,735.32,84.57,928.39,75.6
2025-06-01,P0081,C0183,R03,7049.67,5096.01,664.57,57.93,1231.17,54.2
2025-07-01,P0081,C0183,R03,5230.4,4048,468.25,71.61,642.54,43
2025-08-01,P0081,C0183,R03,3411.13,2128.51,372.4,68.25,841.97,22.9
2023-04-01,P0082,C0244,R03,27647.39,12048.79,942,55.29,14601.31,133.8
2023-05-01,P0082,C0244,R03,24998.16,12789.42,3030.04,496.42,8682.28,141.4
2023-06-01,P0082,C0244,R03,25274.1,12785.58,1802.02,168.96,10517.54,141.5
2023-07-01,P0082,C0244,R03,24251.31,14841.34,2766.62,264.54,6378.81,164.3
2023-08-01,P0082,C0244,R03,24309.01,16476.81,3002.14,292.86,4537.2,185.8
2023-09-01,P0082,C0244,R03,23971.12,14992.2,2479.36,95.7,6403.87,169
2023-10-01,P0082,C0244,R03,24204.27,15494.11,3257.55,155.64,5296.97,173.5
2024-12-01,P0083,C0127,R03,12745.26,6406.1,974.52,82.87,5281.77,69.2
2025-01-01,P0083,C0127,R03,22233.27,11585.81,2765.14,276.1,7606.22,121.6
2025-02-01,P0083,C0127,R03,31126.58,15028.46,4402.91,404.82,11290.39,156
2025-03-01,P0083,C0127,R03,40019.89,22647.54,4652.23,835.18,11884.95,239.2
2025-04-01,P0083,C0127,R03,40019.89,28977.81,4866.88,689.57,5485.64,305.6
2025-05-01,P0083,C0127,R03,31126.58,26816.99,3034.39,497.11,778.09,284.8
2025-06-01,P0083,C0127,R03,22233.27,17246.25,2246.58,141.92,2598.53,183.6
2025-07-01,P0083,C0127,R03,13339.96,11078.73,952.52,184.34,1124.37,117.7
2026-03-01,P0084,C0250,R04,9404.81,3620.97,102.67,96.32,5584.85,37.7
2026-04-01,P0084,C0250,R04,10715.38,4236.32,274.96,105.68,6098.42,43.6
2026-05-01,P0084,C0250,R04,10106.81,3501.33,427.91,102.82,6074.76,36.7
2026-06-01,P0084,C0250,R04,10960.1,4440.58,393.36,204.78,5921.38,46.1
2023-05-01,P0085,C0008,R02,19369.52,12472.53,1645.75,149.78,5101.46,137.9
2023-06-01,P0085,C0008,R02,33456.44,21301.85,2599.98,464.41,9090.2,235.8
2023-07-01,P0085,C0008,R02,47543.36,36620.19,3797.26,467.67,6658.23,405.3
2023-08-01,P0085,C0008,R02,61630.28,52576.65,1705.82,1429.2,5918.62,592.8
2023-09-01,P0085,C0008,R02,47543.36,37424.83,3474.39,821.47,5822.66,422
2023-10-01,P0085,C0008,R02,33456.44,26955.5,3534.12,860.62,2106.2,301.9
2023-11-01,P0085,C0008,R02,19369.52,15988.46,1394.43,152.71,1833.91,180.1
2024-08-01,P0086,C0297,R03,29144.26,15780.74,1191.95,408.85,11762.72,173.9
2024-09-01,P0086,C0297,R03,27102.67,14366.48,2800.31,268.08,9667.81,157
2024-10-01,P0086,C0297,R03,27319.41,15638.71,1053.2,54.64,10572.86,171.2
2024-11-01,P0086,C0297,R03,26957.64,12830.33,1387.61,78.6,12661.1,140.7
2024-12-01,P0086,C0297,R03,27933.52,11452.43,944.02,653.94,14883.12,123.8
2025-01-01,P0086,C0297,R03,30102.13,12795.21,1388.09,708.08,15210.75,134.2
2025-02-01,P0086,C0297,R03,29170.66,11488.31,844.18,604.98,16233.18,119.3
2024-10-01,P0087,C0005,R04,22309.28,9657.09,369.83,358.73,11923.63,105.7
2024-11-01,P0087,C0005,R04,22680.29,8162.73,585.33,294.74,13637.49,89.5
2024-12-01,P0087,C0005,R04,23489.67,7282.49,0,326.4,15880.78,78.7
2025-01-01,P0087,C0005,R04,24458.27,7861.52,931.75,421.58,15243.42,82.5
2025-02-01,P0087,C0005,R04,22659.26,6748.18,1201.58,455.51,14253.98,70.1
2025-03-01,P0087,C0005,R04,23731.3,8283.7,620.78,303.84,14522.98,87.5
2025-04-01,P0087,C0005,R04,23266.09,10391.33,744.92,362.43,11767.41,109.6
2025-05-01,P0087,C0005,R04,20110.65,10687.17,0,255.37,9168.12,113.5
2025-06-01,P0087,C0005,R04,21288.73,10185.89,225.37,307.66,10569.8,108.4
2025-07-01,P0087,C0005,R04,24756.85,12682.02,463.91,151.18,11459.73,134.7
2025-08-01,P0087,C0005,R04,22349.77,9230.77,372.25,422.51,12324.23,99.2
2025-09-01,P0087,C0005,R04,24001.34,9193.69,618.89,268.32,13920.44,98.6
2025-10-01,P0087,C0005,R04,25264.91,7488.44,602.46,336.72,16837.29,79.7
2025-11-01,P0087,C0005,R04,25329.12,6691.53,491.06,205.15,17941.38,71.4
2025-12-01,P0087,C0005,R04,23000.31,8574.09,655.69,189.66,13580.87,91.9
2026-01-01,P0087,C0005,R04,27129.17,10095.21,0,518.45,16515.51,105.8
2026-02-01,P0087,C0005,R04,24937.08,8668.93,350.2,187.9,15730.05,90.3
2026-03-01,P0087,C0005,R04,26423.86,10824.13,406.34,450.65,14742.74,112.6
2025-09-01,P0088,C0270,R01,39659.89,13770.46,1737.64,352.86,23798.94,147.7
2025-10-01,P0088,C0270,R01,47236.57,12690.95,451.75,630.61,33463.25,135
2025-11-01,P0088,C0270,R01,45952.08,11004.06,371.82,208.57,34367.63,117.4
2025-12-01,P0088,C0270,R01,44006.52,14870.11,1972.95,718.41,26445.05,159.3
2026-01-01,P0088,C0270,R01,45255.82,15264.96,1454.63,307.51,28228.72,160.1
2026-02-01,P0088,C0270,R01,44370.76,13981.68,280.84,810.18,29298.06,145.7
2026-03-01,P0088,C0270,R01,48371.79,17961.03,1379,1069.84,27961.92,186.9
2026-04-01,P0088,C0270,R01,49290.18,18793.4,2328.06,404.79,27763.93,193.5
2026-05-01,P0088,C0270,R01,44656.98,14920.1,1165.73,464.66,28106.49,156.3
2026-06-01,P0088,C0270,R01,39829.96,15563.19,984.58,560.68,22721.51,161.6
2023-11-01,P0089,C0103,R02,62126.54,43545.83,5826.02,1026.07,11728.62,490.5
2023-12-01,P0089,C0103,R02,107309.48,56242.68,8183.71,781.88,42101.2,636.2
2024-01-01,P0089,C0103,R02,192177.73,95583.56,17808.8,4326.18,74459.19,1050.3
2024-02-01,P0089,C0103,R02,249119.28,124686.3,33154.8,4068,87210.18,1372
2024-03-01,P0089,C0103,R02,192177.73,102840.13,16632.11,4036.68,68668.82,1124.7
2024-04-01,P0089,C0103,R02,135236.18,73637.96,10086.15,1534.36,49977.72,808.6
2024-05-01,P0089,C0103,R02,78294.63,49461.27,5061.77,1553.79,22217.8,547.4
2026-04-01,P0090,C0154,R04,75673.37,40127.64,4073.58,1114.47,30357.67,413.3
2026-05-01,P0090,C0154,R04,72344.13,33615.64,4943.3,2170.32,31614.87,352.1
2026-06-01,P0090,C0154,R04,80882.96,43954.29,7129.45,851.08,28948.15,456.5
2023-04-01,P0091,C0074,R04,34704.52,14847.94,1587.87,559.7,17709.01,164.9
2023-05-01,P0091,C0074,R04,36249.68,18206.98,1960.28,328.65,15753.77,201.2
2023-06-01,P0091,C0074,R04,31712.59,15749.52,2478.92,288.67,13195.48,174.3
2023-07-01,P0091,C0074,R04,32362.77,19443.51,749.76,601.11,11568.39,215.2
2023-08-01,P0091,C0074,R04,35401.41,23556.86,4593.47,548.34,6702.74,265.6
2023-09-01,P0091,C0074,R04,33529.45,20587.06,2394.73,67.06,10480.59,232.1
2025-05-01,P0092,C0026,R03,37001.59,20953.1,2401.96,425.94,13220.58,222.6
2025-06-01,P0092,C0026,R03,37798.9,19271.69,2249.69,323.09,15954.43,205.1
2025-07-01,P0092,C0026,R03,36583.38,19969.56,1891.18,363.87,14358.77,212.1
2023-04-01,P0093,C0204,R01,135401.78,44918.96,7443.87,2490.36,80548.59,499
2023-05-01,P0093,C0204,R01,127852.36,49792.93,7410.67,1571.36,69077.4,550.4
2023-06-01,P0093,C0204,R01,151777.4,58447.76,7063,1532.05,84734.59,647
2025-03-01,P0094,C0057,R01,23362.85,10362.29,615.45,315.48,12069.63,109.4
2025-04-01,P0094,C0057,R01,26027.84,14771.1,380.67,52.06,10824.02,155.8
2025-05-01,P0094,C0057,R01,24678.16,16663.89,1086.11,399.26,6528.9,177
2025-06-01,P0094,C0057,R01,25212.86,15328.45,1181.87,228.14,8474.39,163.2
2025-07-01,P0094,C0057,R01,21466.25,13972.57,614.5,290.91,6588.26,148.4
2025-08-01,P0094,C0057,R01,22448.64,11781,848.71,128.05,9690.89,126.6
2025-09-01,P0094,C0057,R01,22424.27,10914.39,315.9,176.14,11017.83,117.1
2025-10-01,P0094,C0057,R01,25454.24,9586.51,417.25,518.21,14932.26,102
2025-11-01,P0094,C0057,R01,27012.93,9067.84,314.8,67.81,17562.48,96.7
2025-03-01,P0095,C0099,R01,26964.22,11556.86,1758.16,623.55,13025.65,122.1
2025-04-01,P0095,C0099,R01,28537.68,15650.04,2428.97,470,9988.67,165.1
2025-05-01,P0095,C0099,R01,26478.93,17277.71,1544.51,533.61,7123.11,183.5
2025-06-01,P0095,C0099,R01,27988.97,16443.16,2364.68,295.26,8885.88,175
2025-07-01,P0095,C0099,R01,24960.81,15700.05,2288.92,154.49,6817.35,166.7
2025-08-01,P0095,C0099,R01,29913.88,15170.04,3653.28,485.9,10604.66,163
2025-09-01,P0095,C0099,R01,27603.34,12982.7,4968.6,439.61,9212.43,139.3
2024-10-01,P0096,C0265,R03,79465.61,36834.25,7422.54,205.04,35003.78,403.3
2024-11-01,P0096,C0265,R03,82248.01,31697.45,5206.89,714.15,44629.53,347.5
2024-12-01,P0096,C0265,R03,80524.07,26732.58,6166.35,429.91,47195.23,288.9
2025-01-01,P0096,C0265,R03,80335.21,27650.25,2474.42,794.15,49416.38,290.1
2025-02-01,P0096,C0265,R03,74364.32,23714.7,6512.29,1144.8,42992.53,246.2
2025-03-01,P0096,C0265,R03,86746.01,32423.86,5766.28,1219.39,47336.48,342.4
2023-06-01,P0097,C0004,R03,86756.09,45575.53,8857.59,1525.69,30797.28,504.5
2023-07-01,P0097,C0004,R03,92735.57,58934.73,6517.48,901.29,26382.07,652.3
2023-08-01,P0097,C0004,R03,87108.46,61313.1,2559.47,445.08,22790.82,691.3
2023-09-01,P0097,C0004,R03,96877.23,62919.58,5969.79,1158.35,26829.5,709.5
2023-10-01,P0097,C0004,R03,85182.19,56625.32,9497.01,1075.18,17984.68,634.1
2023-11-01,P0097,C0004,R03,89498.93,60953.68,5783.3,637.49,22124.46,686.6
2023-12-01,P0097,C0004,R03,81765.65,41640.08,8195.68,818.14,31111.75,471
2024-01-01,P0097,C0004,R03,99532.83,48101.56,7716.51,1645.5,42069.25,528.6
2024-02-01,P0097,C0004,R03,112710.26,54813.5,14295.31,1425.53,42175.93,603.2
2025-06-01,P0098,C0050,R04,40172.35,20394.11,2541.78,817.86,16418.59,217.1
2025-07-01,P0098,C0050,R04,42346.71,23016.6,4178.23,650.64,14501.25,244.5
2025-08-01,P0098,C0050,R04,40482.96,17740.49,2483.53,356.97,19901.97,190.6
2024-11-01,P0099,C0004,R03,150922.48,87928.12,20318.32,1510.11,41165.93,964
2024-12-01,P0099,C0004,R03,152672.25,76621.42,17347.8,2852.03,55850.99,828.2
2025-01-01,P0099,C0004,R03,174942.07,91025.36,5836.36,2607.75,75472.6,955
2025-02-01,P0099,C0004,R03,174692.98,84217.72,14992.29,4263.28,71219.68,874.4
2025-03-01,P0099,C0004,R03,168832.94,95399.77,17301.4,2457.92,53673.85,1007.5
2023-06-01,P0100,C0270,R01,133428.96,65580.87,14772.74,805.85,52269.5,725.9
2023-07-01,P0100,C0270,R01,128215.3,76236,7152.25,1664.06,43162.98,843.8
2023-08-01,P0100,C0270,R01,134684.72,88696.51,11485.54,269.37,34233.29,1000
2023-09-01,P0100,C0270,R01,121137.01,73609.91,16151.91,1486.4,29888.79,830
2023-10-01,P0100,C0270,R01,124856.05,77654.52,9259.35,1276.12,36666.05,869.6
2024-04-01,P0101,C0118,R01,51168.52,37326.31,4100.94,1113.88,8627.4,409.9
2024-05-01,P0101,C0118,R01,92103.34,77949.26,15636.96,441.89,-1924.77,862.7
2024-06-01,P0101,C0118,R01,133038.16,96099.3,15781.67,883.41,20273.78,1060.1
2024-07-01,P0101,C0118,R01,133038.16,119058.01,11751.31,867,1361.84,1321.6
2024-08-01,P0101,C0118,R01,92103.34,67637.32,8848.08,646.87,14971.07,745.4
2024-09-01,P0101,C0118,R01,51168.52,36785.6,5462.52,115.55,8804.85,401.9
2026-02-01,P0102,C0296,R02,20825.56,9946.77,838.83,355.63,9684.34,103.6
2026-03-01,P0102,C0296,R02,31932.53,17971.94,1977.36,353.6,11629.63,187
2026-04-01,P0102,C0296,R02,43039.5,24873.38,4695.37,715.67,12755.08,256.2
2026-05-01,P0102,C0296,R02,54146.47,27420.49,2975.19,227.95,23522.84,287.2
2026-06-01,P0102,C0296,R02,65253.44,38646.89,5571.48,938.35,20096.71,401.4
2025-01-01,P0103,C0222,R03,82982.83,30136.73,3478.63,1153.35,48214.11,316.2
2025-02-01,P0103,C0222,R03,177820.34,59834.17,13554.88,1645.78,102785.52,621.2
2025-03-01,P0103,C0222,R03,82982.83,32727.9,6585.95,506.18,43162.8,345.6
2023-02-01,P0104,C0113,R03,5475.62,2000.77,123.95,21.81,3329.09,22.2
2023-03-01,P0104,C0113,R03,6029.94,2216.82,132.02,36.16,3644.95,24.4
2023-04-01,P0104,C0113,R03,5406.51,1602.77,177.21,66.5,3560.04,17.8
2023-05-01,P0104,C0113,R03,5263.86,1831.94,102.11,52.03,3277.77,20.2
2023-06-01,P0104,C0113,R03,6516.17,2242.34,336.64,106.34,3830.86,24.8
2023-07-01,P0104,C0113,R03,5675.74,2362.78,322.22,71.15,2919.58,26.2
2023-08-01,P0104,C0113,R03,6494.56,2994.47,0,160.77,3339.33,33.8
2023-09-01,P0104,C0113,R03,6019.81,2561.08,14.65,94.64,3349.45,28.9
2023-10-01,P0104,C0113,R03,5863.18,2553.12,83.91,11.73,3214.43,28.6
2024-03-01,P0105,C0081,R01,9716.13,4487.83,393.45,125.06,4709.8,49.1
2024-04-01,P0105,C0081,R01,17489.04,8219.74,802.87,239.15,8227.28,90.3
2024-05-01,P0105,C0081,R01,25261.95,13774.74,1303.69,145.51,10038,152.5
2024-06-01,P0105,C0081,R01,25261.95,11756.85,526.13,347.7,12631.27,129.7
2024-07-01,P0105,C0081,R01,17489.04,10083.9,1217.05,340.36,5847.73,111.9
2024-08-01,P0105,C0081,R01,9716.13,4597.11,517.37,55.52,4546.13,50.7
2024-03-01,P0106,C0087,R02,42430.73,20407.29,5358.79,443.28,16221.37,223.2
2024-04-01,P0106,C0087,R02,76375.31,37377.23,6313.2,152.75,32532.13,410.4
2024-05-01,P0106,C0087,R02,110319.9,62637.2,3337.95,1418.6,42926.14,693.2
2024-06-01,P0106,C0087,R02,110319.9,53461.33,5996.41,1492.17,49369.99,589.7
2024-07-01,P0106,C0087,R02,76375.31,45854.01,5720.49,855.23,23945.59,509
2024-08-01,P0106,C0087,R02,42430.73,20904.19,6100.09,599.95,14826.5,230.4
2025-06-01,P0107,C0099,R01,11418.8,5944.9,287.86,70.25,5115.79,63.3
2025-07-01,P0107,C0099,R01,21568.84,12022.51,913.43,403.52,8229.39,127.7
2025-08-01,P0107,C0099,R01,31718.89,14254.7,1582.62,368.36,15513.21,153.1
2025-09-01,P0107,C0099,R01,21568.84,8989.93,1105.28,404.12,11069.51,96.4
2025-10-01,P0107,C0099,R01,11418.8,3682.72,584.4,32.96,7118.72,39.2
2024-10-01,P0108,C0292,R04,60800.29,32367.88,4275.61,1012.32,23144.48,354.4
2024-11-01,P0108,C0292,R04,55448.9,24543.01,9980.8,737.22,20187.87,269.1
2024-12-01,P0108,C0292,R04,60366.98,23017.1,1465.53,973.1,34911.25,248.8
2025-01-01,P0108,C0292,R04,70306.35,27792.25,6913.79,140.61,35459.7,291.6
2025-02-01,P0108,C0292,R04,63089.75,23107.23,3733.75,387.8,35860.97,239.9
2025-03-01,P0108,C0292,R04,63835.58,27404,4128.73,615.77,31687.08,289.4
2023-12-01,P0109,C0132,R04,103609.87,48169.67,7439.24,1009.17,46991.79,544.8
2024-01-01,P0109,C0132,R04,149016.26,65744.34,8606.89,298.03,74366.99,722.4
2023-09-01,P0110,C0007,R01,25070.96,15166.51,2671.29,210.04,7023.11,171
2023-10-01,P0110,C0007,R01,41784.93,25872.13,4395.33,899.76,10617.71,289.7
2023-11-01,P0110,C0007,R01,58498.91,37109.11,5382.47,768.37,15238.95,418
2023-12-01,P0110,C0007,R01,75212.88,35676.61,6896.23,367.74,32272.3,403.5
2024-01-01,P0110,C0007,R01,94786.62,42666.85,7092.4,1555.82,43471.54,468.9
2024-02-01,P0110,C0007,R01,73722.92,33394.68,8978.2,1232.21,30117.84,367.5
2024-03-01,P0110,C0007,R01,52659.23,25503.36,6719.04,280.43,20156.4,278.9
2024-04-01,P0110,C0007,R01,31595.54,15570.34,3319.75,472.64,12232.82,171
2024-10-01,P0111,C0212,R02,11829.44,5011.78,161.68,260.25,6395.73,54.9
2024-11-01,P0111,C0212,R02,11829.44,4166.95,189.98,260.25,7212.26,45.7
2025-07-01,P0112,C0123,R01,53272.26,34311.57,3912.47,1198.34,13849.88,364.4
2025-08-01,P0112,C0123,R01,43962.7,22829.46,3492.96,624.34,17015.95,245.3
2025-09-01,P0112,C0123,R01,45047.71,21695.68,3674.93,901.81,18775.29,232.7
2025-10-01,P0112,C0123,R01,46397.14,17290.63,3887.62,742.16,24476.72,184
2025-11-01,P0112,C0123,R01,42645.15,14165.15,1992.95,221.15,26265.9,151.1
2025-12-01,P0112,C0123,R01,43940.66,20595.27,2135.04,954.11,20256.24,220.6
2026-01-01,P0112,C0123,R01,51485.89,24088.7,3829.5,610.33,22957.35,252.6
2026-02-01,P0112,C0123,R01,48424.73,21165.75,5213.1,728.84,21317.05,220.5
2026-03-01,P0112,C0123,R01,48750.05,25108.34,5145.4,398.72,18097.59,261.2
2026-04-01,P0112,C0123,R01,52633.62,27836.34,1052.67,1176.84,22567.77,286.7
2026-05-01,P0112,C0123,R01,50839.05,23560.46,2209.39,740.9,24328.3,246.8
2026-06-01,P0112,C0123,R01,50325.18,27275.82,2895.58,525.04,19628.74,283.3
2025-04-01,P0113,C0267,R03,35813.81,16837.69,831.57,215.57,17928.98,177.6
2025-05-01,P0113,C0267,R03,38353.08,21454.63,1121.48,344.07,15432.9,227.9
2025-06-01,P0113,C0267,R03,31511.84,15871.11,945.28,231.58,14463.88,168.9
2025-02-01,P0114,C0087,R02,28732.23,7539.27,806,632.11,19754.84,78.3
2025-08-01,P0115,C0040,R01,54503.79,27039.79,3583.5,1221.75,22658.76,290.5
2025-09-01,P0115,C0040,R01,49680.04,22858.51,4327.32,326.17,22168.04,245.2
2025-10-01,P0115,C0040,R01,47804.52,17019.78,3651.29,722.57,26410.88,181.1
2025-11-01,P0115,C0040,R01,44548.45,14136.75,4539.43,917.67,24954.6,150.8
2025-12-01,P0115,C0040,R01,39989.64,17906.62,3935.81,550.6,17596.61,191.8
2026-01-01,P0115,C0040,R01,47380.8,21178.39,8258.28,606.88,17337.25,222.1
2026-02-01,P0115,C0040,R01,48286.35,20163.04,1921.21,998.06,25204.04,210.1
2026-03-01,P0115,C0040,R01,52865.5,26012.41,9494.6,1037.12,16321.37,270.6
2026-04-01,P0115,C0040,R01,48685.56,24598.83,6239.03,464.35,17383.36,253.3
2026-05-01,P0115,C0040,R01,48986.18,21688.28,3720.47,578.83,22998.6,227.2
2026-06-01,P0115,C0040,R01,51396.98,26613.09,7009.19,561.8,17212.89,276.4
2026-05-01,P0116,C0264,R01,27249.64,11514.93,1563.26,515.93,13655.51,120.6
2026-06-01,P0116,C0264,R01,47067.56,23261.01,4025.23,649.34,19131.98,241.6
2023-04-01,P0117,C0103,R02,43117.57,24728.51,2346.77,184.88,15857.41,274.7
2023-05-01,P0117,C0103,R02,71862.62,48383.84,10121.28,1088.98,12268.51,534.8
2023-06-01,P0117,C0103,R02,100607.66,66977.7,5969.66,926.76,26733.54,741.4
2023-07-01,P0117,C0103,R02,129352.71,104176.04,11580.35,1782.1,11814.22,1153
2023-08-01,P0117,C0103,R02,129352.71,115381.4,14991.99,3011.24,-4031.91,1300.9
2023-09-01,P0117,C0103,R02,100607.66,82806.14,14484.81,962.69,2354.02,933.7
2023-10-01,P0117,C0103,R02,71862.62,60538.58,10477.67,887.04,-40.67,678
2023-11-01,P0117,C0103,R02,43117.57,37213.77,1946.52,291.38,3665.9,419.2
2023-08-01,P0118,C0282,R01,49522.1,26107.38,2064.21,322.84,21027.67,294.4
2023-09-01,P0118,C0282,R01,54117.25,26325.17,1255.19,329.81,26207.08,296.8
2023-10-01,P0118,C0282,R01,54498.88,27134.44,1840.9,811.28,24712.26,303.9
2023-11-01,P0118,C0282,R01,51754.51,26399.86,2231.81,770.46,22352.38,297.4
2023-12-01,P0118,C0282,R01,45518.93,17362.17,2188.31,785.21,25183.25,196.4
2024-01-01,P0118,C0282,R01,64847.13,23472.26,533.56,153.31,40688,257.9
2023-09-01,P0119,C0063,R02,123169.09,98593.06,8673.65,1200.76,14701.63,1111.7
2023-10-01,P0119,C0063,R02,119019,97512.13,3010.54,3037.41,15458.92,1092
2024-03-01,P0120,C0212,R02,17333.6,6576.43,868.1,247.2,9641.86,71.9
2024-04-01,P0120,C0212,R02,15758.87,6083.81,1294.19,99.44,8281.43,66.8
2024-05-01,P0120,C0212,R02,15896.35,7119.88,1955.13,188.03,6633.31,78.8
2024-06-01,P0120,C0212,R02,14618.47,5588.36,2177.3,238.4,6614.42,61.6
2024-07-01,P0120,C0212,R02,15696.52,7434.03,1029.79,49.97,7182.73,82.5
2024-06-01,P0121,C0133,R02,57344.18,23282.38,2034.04,430.43,31597.33,256.8
2024-07-01,P0121,C0133,R02,57764.89,29056.3,1471.07,407.09,26830.43,322.5
2024-08-01,P0121,C0133,R02,57043.68,23545.75,1359.82,825.87,31312.24,259.5
2024-09-01,P0121,C0133,R02,56263.66,22735.11,1140.9,987.04,31400.61,248.4
2024-10-01,P0121,C0133,R02,60211.23,26274.71,3583.43,732.23,29620.86,287.7
2024-11-01,P0121,C0133,R02,58288.33,21147.95,1764.27,957.66,34418.45,231.9
2024-12-01,P0121,C0133,R02,58321.98,18227.84,2008.52,782.65,37302.97,197
2025-03-01,P0122,C0191,R02,18591.55,6042.74,496.49,324.28,11728.05,63.8
2025-04-01,P0122,C0191,R02,37183.1,15463.51,2434.07,265.68,19019.84,163.1
2025-05-01,P0122,C0191,R02,37183.1,18399.12,2495.79,433.59,15854.6,195.4
2025-06-01,P0122,C0191,R02,18591.55,8282.85,1736.85,292.5,8279.35,88.2
2025-09-01,P0123,C0106,R03,218696.74,118705.93,23951.76,2174.17,73864.88,1273.4
2025-10-01,P0123,C0106,R03,437393.49,183705.22,27780.69,1463.18,224444.4,1954.8
2025-11-01,P0123,C0106,R03,437393.49,163739.45,16972.32,5021.57,251660.15,1746.4
2025-12-01,P0123,C0106,R03,218696.74,115524.12,12690.92,3842.65,86639.05,1237.6
2024-03-01,P0124,C0072,R04,205750.17,91136.4,20429.57,3176.46,91007.74,996.7
2024-04-01,P0124,C0072,R04,205750.17,92734.47,13259.38,4421.84,95334.49,1018.3
2025-08-01,P0125,C0190,R02,235550.1,120572.63,8800.75,4174.48,102002.24,1295.3
2025-09-01,P0125,C0190,R02,234912.07,111521.9,9760.78,5066.69,108562.71,1196.4
2025-10-01,P0125,C0190,R02,241158.9,88588.47,14416.52,3236,134917.9,942.7
2025-11-01,P0125,C0190,R02,241014.38,78913.03,15949.99,482.03,145669.33,841.7
2025-04-01,P0126,C0238,R03,65367.24,26242.93,1629.32,512.78,36982.21,276.8
2025-05-01,P0126,C0238,R03,65505.8,31291.09,2750.3,538.82,30925.58,332.4
2025-06-01,P0126,C0238,R03,66617.94,28651.33,2032.97,643.4,35290.23,305
2025-07-01,P0126,C0238,R03,67401.09,31035.92,2065.98,357.84,33941.35,329.6
2025-08-01,P0126,C0238,R03,64692.05,24017.09,2496.72,1141.58,37036.67,258
2025-09-01,P0126,C0238,R03,70747.85,24359.71,2716.5,877.33,42794.32,261.3
2025-10-01,P0126,C0238,R03,70249.81,18716.43,759.71,1158.57,49615.1,199.2
2025-11-01,P0126,C0238,R03,64898.81,15411.56,2348.08,299.21,46839.97,164.4
2025-03-01,P0127,C0278,R02,189328.45,64225.32,12178.85,2896.71,110027.56,678.3
2025-04-01,P0127,C0278,R02,189328.45,82177.11,8324.11,3245.72,95581.51,866.7
2023-04-01,P0128,C0042,R04,16265.66,7716.7,325.31,218.43,8005.22,85.7
2023-05-01,P0128,C0042,R04,14729.71,8203.67,1596.36,370.13,4559.56,90.7
2023-06-01,P0128,C0042,R04,17345.14,9551.98,1287.76,214.64,6290.77,105.7
2023-07-01,P0128,C0042,R04,16665.36,11102.57,974.49,316.3,4272,122.9
2023-08-01,P0128,C0042,R04,16253.79,11993.1,2811.41,333.34,1115.95,135.2
2023-09-01,P0128,C0042,R04,15875.32,10808.63,2043.98,202.05,2820.67,121.9
2023-10-01,P0128,C0042,R04,16933.77,11800.47,1097.38,141.04,3894.88,132.1
2023-11-01,P0128,C0042,R04,17006.03,12141.4,2132.03,163.28,2569.32,136.8
2023-12-01,P0128,C0042,R04,17143.48,9152.15,1607.32,78.86,6305.14,103.5
2024-01-01,P0128,C0042,R04,18002.43,9120.27,2574.29,161.17,6146.7,100.2
2024-02-01,P0128,C0042,R04,19990.82,10191.51,1429.22,517.78,7852.31,112.1
2024-03-01,P0128,C0042,R04,19564.45,10664.09,1283.46,230.08,7386.82,116.6
2025-07-01,P0129,C0205,R03,22030.04,11629.86,2143.44,74.61,8182.14,123.5
2025-08-01,P0129,C0205,R03,39654.08,16877.92,2686.23,470.61,19619.32,181.3
2025-09-01,P0129,C0205,R03,57278.12,22610.44,5263.4,317,29087.28,242.6
2025-10-01,P0129,C0205,R03,57278.12,17495.57,2752.71,667.32,36362.52,186.2
2025-11-01,P0129,C0205,R03,39654.08,10795.91,782.32,364.72,27711.13,115.1
2025-12-01,P0129,C0205,R03,22030.04,8463.23,1691.23,334.12,11541.48,90.7
2026-06-01,P0130,C0291,R03,62828.89,39100.94,3284.74,1032.63,19410.58,406.1
2025-09-01,P0131,C0294,R03,189451.13,98020.67,12886.18,461.46,78082.82,1051.5
2025-10-01,P0131,C0294,R03,197388.49,79024.43,12246.62,1096.22,105021.23,840.9
2025-11-01,P0131,C0294,R03,216445.49,77236.03,11874.01,3197.62,124137.83,823.8
2023-02-01,P0132,C0174,R01,62549.51,32662.26,8301.68,1003,20582.57,361.8
2023-03-01,P0132,C0174,R01,118149.08,62073.42,3833.13,2285.83,49956.7,684.4
2023-04-01,P0132,C0174,R01,173748.64,73609.22,9459.46,347.5,90332.47,817.7
2023-05-01,P0132,C0174,R01,118149.08,58761.76,12123.82,1486.3,45777.21,649.5
2023-06-01,P0132,C0174,R01,62549.51,30760.27,6710.31,815.87,24263.06,340.5
2024-06-01,P0133,C0190,R02,134712.4,48278.86,2627.24,2963.67,80842.63,532.6
2025-06-01,P0134,C0035,R01,26848.99,10746.94,29.25,296.6,15776.2,114.4
2025-07-01,P0134,C0035,R01,25169.65,10786.44,424.18,50.34,13908.7,114.6
2025-08-01,P0134,C0035,R01,24413.28,8435.27,627.16,365.6,14985.25,90.6
2025-09-01,P0134,C0035,R01,23306.13,7468.48,822.19,284.6,14730.86,80.1
2025-10-01,P0134,C0035,R01,26725.42,6626.83,1494.8,132.39,18471.4,70.5
2025-11-01,P0134,C0035,R01,28558.27,6311.68,1002.16,298.5,20945.93,67.3
2025-12-01,P0134,C0035,R01,28484.28,8883.16,0,403.95,19197.17,95.2
2026-01-01,P0134,C0035,R01,29578.83,9208.05,686.87,462.16,19221.75,96.5
2026-02-01,P0134,C0035,R01,30845.6,8970.59,754.05,362.88,20758.08,93.5
2026-03-01,P0134,C0035,R01,28675.01,9826.7,337,146.42,18364.88,102.2
2026-04-01,P0134,C0035,R01,31687.92,11150.75,1849.53,339.41,18348.23,114.8
2026-05-01,P0134,C0035,R01,30488.95,9401.35,783.13,209.06,20095.42,98.5
2026-06-01,P0134,C0035,R01,30900.83,11143.56,1296.01,459.97,18001.28,115.7
2024-05-01,P0135,C0166,R02,20679.22,11882.86,1470.08,254.7,7071.58,131.5
2024-06-01,P0135,C0166,R02,20569.15,10088.13,2848.65,202.85,7429.52,111.3
2024-07-01,P0135,C0166,R02,20280.54,12322.88,1993.68,318.49,5645.48,136.8
2024-08-01,P0135,C0166,R02,20604.33,10273.53,2878.17,352.43,7100.19,113.2
2024-09-01,P0135,C0166,R02,21189.69,10343.08,1965.73,88.52,8792.36,113
2024-10-01,P0135,C0166,R02,17492.12,9220.6,2586.29,317.1,5368.13,101
2023-09-01,P0136,C0118,R01,23651.3,15768.93,1714.43,275.34,5892.61,177.8
2023-10-01,P0136,C0118,R01,36265.33,24747.79,4745.87,126.31,6645.35,277.1
2023-11-01,P0136,C0118,R01,48879.35,34173.58,3808.55,143.22,10754,385
2023-12-01,P0136,C0118,R01,61493.38,32147.85,2985.68,1064.07,25295.78,363.6
2024-01-01,P0136,C0118,R01,93393.45,46333.19,9233.95,1158.21,36668.09,509.1
2024-02-01,P0136,C0118,R01,109290.2,54561.75,13555.81,1636.5,39536.14,600.4
2024-03-01,P0136,C0118,R01,93393.45,49850.74,8561.98,1028.49,33952.23,545.2
2024-04-01,P0136,C0118,R01,77496.69,42090.85,8499.69,822.14,26084,462.2
2024-05-01,P0136,C0118,R01,61599.93,38815.86,2788.52,501.68,19493.87,429.6
2024-06-01,P0136,C0118,R01,45703.18,24580.05,2022.72,645.52,18454.89,271.1
2024-07-01,P0136,C0118,R01,29806.42,19860.24,1928.03,554.83,7463.32,220.5
2025-10-01,P0137,C0020,R01,27267.96,9290.67,1686.03,506,15785.26,98.9
2025-11-01,P0137,C0020,R01,27394.51,8319.36,1114.76,63.8,17896.6,88.7
2025-12-01,P0137,C0020,R01,24804.95,10629.53,2212.59,376.32,11586.52,113.9
2026-01-01,P0137,C0020,R01,25144.98,10756.01,1965.18,256.58,12167.21,112.8
2026-02-01,P0137,C0020,R01,26064.29,10415.66,1553.83,534.08,13560.71,108.5
2026-02-01,P0138,C0127,R03,48475.21,18056.29,2419.55,882.31,27117.06,188.1
2026-03-01,P0138,C0127,R03,47746.55,20956.91,5869.14,495.67,20424.83,218
2026-04-01,P0138,C0127,R03,48838.87,22011.87,6792.55,727.03,19307.43,226.7
2026-05-01,P0138,C0127,R03,52260.49,20639.64,6150.62,446.24,25023.99,216.2
2026-06-01,P0138,C0127,R03,49239.83,22743.19,4487.36,504.37,21504.9,236.2
2024-09-01,P0139,C0122,R01,20467.52,8577.01,735.41,368.76,10786.33,93.7
2024-10-01,P0139,C0122,R01,21633.87,9790.32,0,377.94,11465.62,107.2
2024-11-01,P0139,C0122,R01,20525.01,7722.75,109.22,207.24,12485.8,84.7
2024-12-01,P0139,C0122,R01,20527.19,6653.26,301.71,425.69,13146.53,71.9
2025-01-01,P0139,C0122,R01,22462.43,7548.14,511.26,319.38,14083.64,79.2
2025-02-01,P0139,C0122,R01,19877.2,6188.68,357.83,212.28,13118.41,64.3
2025-03-01,P0139,C0122,R01,21590.9,7879.09,612.56,307.44,12791.82,83.2
2025-04-01,P0139,C0122,R01,20083,9377.31,545.14,94.8,10065.76,98.9
2025-05-01,P0139,C0122,R01,22811.15,12673.18,953.89,235.53,8948.55,134.6
2025-06-01,P0139,C0122,R01,20310.14,10159.31,678.2,236,9236.64,108.1
2025-07-01,P0139,C0122,R01,21994.07,11778.79,813.59,367.02,9034.67,125.1
2025-08-01,P0139,C0122,R01,19189.15,8285.58,765.74,140.57,9997.27,89
2025-09-01,P0139,C0122,R01,21682.02,8682.72,1025.29,210.29,11763.72,93.1
2026-03-01,P0140,C0011,R01,13520.76,6078.75,1626.54,188.39,5627.09,63.2
2026-04-01,P0140,C0011,R01,14145.1,6530.18,1226.51,201.81,6186.6,67.3
2026-05-01,P0140,C0011,R01,13811.96,5587.43,1532.69,173.41,6518.44,58.5
2026-06-01,P0140,C0011,R01,12662.85,5990.93,1336.21,108.04,5227.68,62.2
2025-05-01,P0141,C0044,R01,44220.53,23272.54,4860.8,505.99,15581.2,247.2
2025-06-01,P0141,C0044,R01,42207.56,19999.67,3897.93,468.13,17841.82,212.9
2025-07-01,P0141,C0044,R01,46805.38,23745.01,3679.01,765.61,18615.76,252.2
2025-08-01,P0141,C0044,R01,43798.96,17914.8,5733.66,700.75,19449.74,192.5
2024-09-01,P0142,C0117,R01,63654.25,24448.7,3848.35,634.43,34722.77,267.1
2024-10-01,P0142,C0117,R01,58294.07,24179.33,2107.17,718.35,31289.23,264.7
2024-11-01,P0142,C0117,R01,69920.44,24112.94,2313.11,862.21,42632.18,264.4
2024-12-01,P0142,C0117,R01,61385.52,18235.94,1678.05,757.77,40713.75,197.1
2025-01-01,P0142,C0117,R01,66660.74,20531.02,3658.42,389.69,42081.61,215.4
2025-02-01,P0142,C0117,R01,60851.19,17364.78,1277.64,1038.6,41170.17,180.3
2025-03-01,P0143,C0297,R03,15586.08,5791.73,1705.47,143.97,7944.91,61.2
2025-04-01,P0143,C0297,R03,16544.11,7866.1,918.89,125.05,7634.07,83
2025-05-01,P0143,C0297,R03,17471.91,9884.28,1139.82,91.86,6355.94,105
2025-06-01,P0143,C0297,R03,15695.15,7994.34,604.55,142.67,6953.58,85.1
2025-07-01,P0143,C0297,R03,15999.29,8724.94,1111.39,427.27,5735.69,92.7
2025-08-01,P0143,C0297,R03,13449.26,5913.32,1443.67,64.53,6027.74,63.5
2025-09-01,P0143,C0297,R03,16078.51,6556.45,1141.07,189.12,8191.88,70.3
2025-06-01,P0144,C0084,R02,19465.42,13216.5,2160.38,358.13,3730.4,140.7
2025-07-01,P0144,C0084,R02,19249.46,13993.15,1291.31,217.91,3747.09,148.6
2025-08-01,P0144,C0084,R02,18830.66,11036.57,1266.39,398.91,6128.8,118.6
2025-09-01,P0144,C0084,R02,22404.09,12178.26,2820.72,95.29,7309.82,130.6
2025-10-01,P0144,C0084,R02,21297.06,8957.71,2616.27,269.09,9454,95.3
2025-11-01,P0144,C0084,R02,21633.51,8110.28,1480.93,249.16,11793.13,86.5
2025-12-01,P0144,C0084,R02,19347.98,10235.15,1574.18,110.55,7428.11,109.6
2026-01-01,P0144,C0084,R02,22721.66,11998.38,1891.31,319.08,8512.88,125.8
2026-02-01,P0144,C0084,R02,24424.8,12049.11,3579.26,223.94,8572.49,125.5
2023-03-01,P0145,C0015,R03,17878.62,7584.02,2268.87,367.28,7658.46,83.6
2023-04-01,P0145,C0015,R03,35757.25,12231.08,3125.79,406.43,19993.94,135.9
2023-05-01,P0145,C0015,R03,35757.25,14358.82,2515.29,445.29,18437.86,158.7
2023-06-01,P0145,C0015,R03,17878.62,7098.89,2199.01,216.8,8363.93,78.6
2024-06-01,P0146,C0193,R03,104696.24,55447.03,15226.45,750.07,33272.69,611.6
2024-07-01,P0146,C0193,R03,101110.69,66341.1,5167.09,1277.43,28325.08,736.4
2024-08-01,P0146,C0193,R03,106342.98,57256.26,7608.34,1303.49,40174.89,631
2024-09-01,P0146,C0193,R03,94915.24,50028.11,11431.86,1419.99,32035.28,546.6
2023-12-01,P0147,C0049,R04,26224.97,11167.37,2046.8,256.27,12754.53,126.3
2024-01-01,P0147,C0049,R04,30659.33,12389.42,850.21,662.21,16757.49,136.1
2024-02-01,P0147,C0049,R04,31833.56,12945.08,2552.66,204.15,16131.68,142.4
2024-03-01,P0147,C0049,R04,34349.35,14934.34,1008.42,335.26,18071.33,163.3
2024-04-01,P0147,C0049,R04,33149.05,14665.2,1639.81,589.31,16254.74,161
2024-11-01,P0148,C0223,R04,283650.61,116818.01,19865.22,4848.81,142118.58,1280.8
2024-12-01,P0148,C0223,R04,291890.11,103552.77,26663.97,4279.47,157393.9,1119.3
2025-01-01,P0148,C0223,R04,304644.53,112050.49,28543.64,3369.28,160681.12,1175.6
2025-02-01,P0148,C0223,R04,306894.99,104585.16,17361.01,4187.15,180761.66,1085.8
2026-05-01,P0149,C0179,R04,131582.76,61521.8,7613.16,708.72,61739.08,644.4
2026-06-01,P0149,C0179,R04,116880.99,63911.66,18762.77,233.76,33972.79,663.8
2023-01-01,P0150,C0097,R03,32447.95,20144.35,5152.75,325.94,6824.91,223.1
2023-02-01,P0150,C0097,R03,56046.46,32594.01,5130.45,562.81,17759.2,361
2023-03-01,P0150,C0097,R03,79644.97,46601.61,8688.93,831.26,23523.16,513.8
2023-04-01,P0150,C0097,R03,103243.48,48712.53,2360.72,575.58,51594.66,541.1
2023-05-01,P0150,C0097,R03,79644.97,44115.38,11044.18,1673.82,22811.6,487.6
2023-06-01,P0150,C0097,R03,56046.46,30695.99,1120.93,859.48,23370.06,339.8
2023-07-01,P0150,C0097,R03,32447.95,21498.79,4613.54,265.69,6069.94,238
2023-01-01,P0151,C0037,R03,48423.84,19622.6,605.88,654.31,27541.05,217.3
2023-02-01,P0151,C0037,R03,47022.46,17849.5,1415.87,766.87,26990.22,197.7
2023-03-01,P0151,C0037,R03,46168.48,17632.72,1232.46,907.32,26395.97,194.4
2023-04-01,P0151,C0037,R03,53088.16,16349.59,1725.78,809.2,34203.58,181.6
2023-05-01,P0151,C0037,R03,53689.4,19411.16,2073.51,567.68,31637.04,214.6
2023-06-01,P0151,C0037,R03,50119.24,17917.16,1238.38,521.61,30442.09,198.3
2023-07-01,P0151,C0037,R03,50039.68,21640.76,2461.97,517.11,25419.85,239.5
2023-08-01,P0151,C0037,R03,50007.11,23952.87,261.23,999.93,24793.08,270.1
2023-09-01,P0151,C0037,R03,52034.96,22998.12,2640.09,180.53,26216.22,259.3
2023-10-01,P0151,C0037,R03,46800.05,21170.99,1956.52,491.85,23180.7,237.1
2023-11-01,P0151,C0037,R03,50750.41,23520.94,901.34,472.91,25855.23,265
2023-12-01,P0151,C0037,R03,50302.69,17432.7,224.05,440.59,32205.34,197.2
2024-01-01,P0151,C0037,R03,60747.06,19977.95,1603.85,815.22,38350.04,219.5
2026-05-01,P0152,C0214,R01,19623.98,9593,1980.31,132.64,7918.03,100.5
2026-06-01,P0152,C0214,R01,31700.27,18123.27,1778.11,207.93,11590.95,188.2
2025-06-01,P0153,C0112,R03,43744.91,20518.58,3393.57,129.5,19703.26,218.4
2025-07-01,P0153,C0112,R03,46574.7,23389.12,465.75,699.19,22020.64,248.4
2025-08-01,P0153,C0112,R03,47430.05,19203.89,1977.94,522.87,25725.35,206.3
2025-09-01,P0153,C0112,R03,45594.73,17121.42,1507.64,322.5,26643.18,183.7
2025-10-01,P0153,C0112,R03,47755.39,13876.07,2974.56,1268.77,29635.99,147.7
2025-11-01,P0153,C0112,R03,49277.79,12762.25,3209.72,451.9,32853.92,136.1
2024-03-01,P0154,C0275,R03,36498.48,19300.63,4535.72,121.92,12540.2,211.1
2024-04-01,P0154,C0275,R03,34776.5,18712.51,3404.64,663.47,11995.89,205.5
2024-05-01,P0154,C0275,R03,33394.2,20846.9,1589.25,458.39,10499.66,230.7
2024-06-01,P0154,C0275,R03,33310.68,17748.49,2173.16,671.14,12717.89,195.8
2024-07-01,P0154,C0275,R03,35382.49,23356.33,1856.48,345.59,9824.09,259.3
2024-08-01,P0154,C0275,R03,31835.86,17244.93,2270.85,587.74,11732.34,190
2024-09-01,P0154,C0275,R03,35591.28,18873.5,2149.65,415.98,14152.15,206.2
2024-10-01,P0154,C0275,R03,35583.32,20377.3,4059.45,409.52,10737.04,223.1
2024-11-01,P0154,C0275,R03,34328.52,16344.88,3685.13,493.8,13804.72,179.2
2024-12-01,P0154,C0275,R03,37005.8,15177.93,1781.58,475.78,19570.51,164.1
2024-05-01,P0155,C0060,R01,31359.37,17925.14,1550.42,606.1,11277.71,198.4
2024-06-01,P0155,C0060,R01,35137.82,17142.63,1937.9,594.87,15462.42,189.1
2024-07-01,P0155,C0060,R01,31747.36,19188.83,3826.58,152.22,8579.73,213
2024-08-01,P0155,C0060,R01,28528.33,14149.66,2509.9,376.99,11491.78,155.9
2024-09-01,P0155,C0060,R01,27285.55,13248.49,1666.13,259.02,12111.91,144.8
2024-10-01,P0155,C0060,R01,34994.97,18349.77,2800.98,447.27,13396.94,200.9
2024-11-01,P0155,C0060,R01,29668.48,12934.41,2513.84,443.3,13776.92,141.8
2024-12-01,P0155,C0060,R01,32647.48,12260.76,4295.81,204.21,15886.7,132.5
2025-01-01,P0155,C0060,R01,34024.89,13247.76,4995.9,223.31,15557.92,139
2025-02-01,P0155,C0060,R01,32403.9,11689.69,3256.02,307.48,17150.72,121.4
2025-03-01,P0155,C0060,R01,31173.52,13181.16,2496.48,319.05,15176.83,139.2
2024-11-01,P0156,C0205,R03,68686.81,28859.98,2990.06,1280.47,35556.29,316.4
2024-12-01,P0156,C0205,R03,65636.64,23756.66,7430.42,887.46,33562.1,256.8
2025-01-01,P0156,C0205,R03,69993.73,26264.93,6673.27,991.88,36063.65,275.6
2025-02-01,P0156,C0205,R03,72124.18,25075.97,9268.79,771.77,37007.65,260.3
2025-03-01,P0156,C0205,R03,72599.92,29585.25,5044.24,888.48,37081.96,312.4
2025-04-01,P0156,C0205,R03,64620.63,33694.17,5897.74,526.87,24501.84,355.4
2025-05-01,P0156,C0205,R03,73431.79,45557.15,7718.79,931.76,19224.08,483.9
2025-06-01,P0156,C0205,R03,76818.86,42909.46,5408.12,1386.96,27114.33,456.7
2026-04-01,P0157,C0083,R03,26090.92,12437.22,2289.7,447.39,10916.61,128.1
2026-05-01,P0157,C0083,R03,29803.01,12448.92,3770.74,529.33,13054.02,130.4
2026-06-01,P0157,C0083,R03,31754.82,15512.7,1946.64,362.87,13932.61,161.1
2026-04-01,P0158,C0071,R01,22337.02,9947.96,1252.01,328.7,10808.36,102.4
2026-05-01,P0158,C0071,R01,21421.94,8359.97,676.76,235.02,12150.17,87.6
2026-06-01,P0158,C0071,R01,21139.82,9648.36,335.78,60.11,11095.57,100.2
2023-09-01,P0159,C0295,R03,87886.98,45977.9,4897.39,599.93,36411.76,518.4
2023-10-01,P0159,C0295,R03,77779.38,41647.29,6398.96,1564.82,28168.31,466.4
2023-11-01,P0159,C0295,R03,83214.71,45650.2,9210.51,866.39,27487.62,514.2
2023-12-01,P0159,C0295,R03,72784.51,29856.58,1455.69,497.78,40974.46,337.7
2024-01-01,P0159,C0295,R03,99995.56,38925.48,10847.33,1244.88,48977.87,427.7
2024-02-01,P0159,C0295,R03,108541.27,42518.65,6388.25,1489.56,58144.81,467.9
2024-03-01,P0159,C0295,R03,93178.37,39025.44,10211.33,886.72,43054.89,426.8
2024-04-01,P0159,C0295,R03,105670.07,45033.32,14669.3,325.64,45641.81,494.5
2024-05-01,P0159,C0295,R03,101384.86,50127.9,12630.49,802.1,37824.36,554.8
2024-06-01,P0159,C0295,R03,101533.32,42847.2,9412.83,908.7,48364.6,472.6
2024-07-01,P0159,C0295,R03,108748.34,56855.81,17682.12,628.92,33581.5,631.1
2026-01-01,P0160,C0182,R01,111593.76,45285.77,11959.81,1632.52,52715.67,474.8
2026-02-01,P0160,C0182,R01,105861.47,40132.94,2341.2,468.31,62919.02,418.1
2026-03-01,P0160,C0182,R01,95265.5,42557.41,5620.06,2369.13,44718.9,442.7
2025-01-01,P0161,C0275,R03,15168.11,5125.46,1144.77,115.21,8782.66,53.8
2025-02-01,P0161,C0275,R03,26199.46,8202.64,2157.81,559.64,15279.37,85.2
2025-03-01,P0161,C0275,R03,37230.82,13662.37,3057.68,869.71,19641.05,144.3
2025-04-01,P0161,C0275,R03,48262.17,22660.79,2999.18,1259.08,21343.13,239
2025-05-01,P0161,C0275,R03,37230.82,20799.82,2961.63,1116.92,12352.44,220.9
2025-06-01,P0161,C0275,R03,26199.46,13178.38,2448.39,400.91,10171.78,140.3
2025-07-01,P0161,C0275,R03,15168.11,8168.55,1141.48,192.37,5665.7,86.8
2023-01-01,P0162,C0014,R03,27835.99,14283.91,2968.86,591.58,9991.65,158.2
2023-02-01,P0162,C0014,R03,28662.16,13777.57,987.9,57.32,13839.36,152.6
2023-03-01,P0162,C0014,R03,24625.63,11909.79,3813.03,416.9,8485.91,131.3
2023-04-01,P0162,C0014,R03,26825.45,10461.63,2055.23,271.57,14037.03,116.2
2023-05-01,P0162,C0014,R03,25454.89,11654.06,2873.03,385.42,10542.38,128.8
2023-06-01,P0162,C0014,R03,27082.49,12260.17,541.65,341.96,13938.71,135.7
2023-07-01,P0162,C0014,R03,28888.56,15820.74,1506.57,461.96,11099.29,175.1
2023-08-01,P0162,C0014,R03,25565.25,15506.68,1189.67,263.98,8604.91,174.8
2023-09-01,P0162,C0014,R03,27331.39,15296.84,2516.87,285.5,9232.17,172.5
2023-10-01,P0162,C0014,R03,23421.35,13416.83,2131.12,46.84,7826.56,150.3
2025-03-01,P0163,C0028,R03,212959.01,86875.01,12330.76,1969.13,111784.1,917.5
2025-04-01,P0163,C0028,R03,212959.01,111157.68,10880.18,2180.27,88740.88,1172.3
2024-01-01,P0164,C0174,R01,22622.62,8961.59,2419.22,180.21,11061.59,98.5
2024-02-01,P0164,C0174,R01,34688.01,13827.8,3674.47,706.48,16479.27,152.2
2024-03-01,P0164,C0174,R01,46753.41,19926.69,4240.21,93.51,22493,217.9
2024-04-01,P0164,C0174,R01,58818.81,25508.64,4476.05,447.72,28386.4,280.1
2024-05-01,P0164,C0174,R01,70884.2,35665.23,3743.69,1664.87,29810.42,394.7
2024-06-01,P0164,C0174,R01,82949.6,35621.91,13215.69,1350.83,32761.16,392.9
2024-07-01,P0164,C0174,R01,70884.2,37712.97,1803.11,372.04,30996.08,418.6
2024-08-01,P0164,C0174,R01,58818.81,25679.47,2197.71,654.47,30287.15,283
2024-09-01,P0164,C0174,R01,46753.41,19982.38,4212.22,836.77,21722.04,218.3
2024-10-01,P0164,C0174,R01,34688.01,16010.5,2362.31,284.71,16030.5,175.3
2024-11-01,P0164,C0174,R01,22622.62,8681.49,2258.82,45.25,11637.06,95.2
2024-10-01,P0165,C0238,R03,66455.59,29418.42,5394.83,211.17,31431.17,322.1
2024-11-01,P0165,C0238,R03,66557.58,24496.92,6168.61,806.14,35085.91,268.6
2024-12-01,P0165,C0238,R03,65587.81,20794.74,3198.93,1355.77,40238.38,224.8
2025-01-01,P0165,C0238,R03,69587.87,22873.99,5030.62,632.48,41050.78,240
2025-02-01,P0165,C0238,R03,71576.56,21799.12,4650.97,1289.75,43836.72,226.3
2023-04-01,P0166,C0145,R02,37926.37,11387.97,1282.12,834.38,24421.9,126.5
2023-06-01,P0167,C0011,R01,23879.99,9691.56,3102.32,334.9,10751.22,107.3
2023-07-01,P0167,C0011,R01,21448.89,10530.7,851.35,388.54,9678.29,116.6
2023-08-01,P0167,C0011,R01,23928.55,13011.78,901.48,235.15,9780.14,146.7
2023-09-01,P0167,C0011,R01,21767.42,10921.91,2275.9,43.53,8526.07,123.2
2023-10-01,P0167,C0011,R01,25277.41,12981.41,581.79,667.28,11046.93,145.4
2023-11-01,P0167,C0011,R01,25753.97,13550.45,1825.63,299.28,10078.6,152.6
2023-12-01,P0167,C0011,R01,23720.03,9332.18,1941.8,295.77,12150.28,105.6
2024-01-01,P0167,C0011,R01,27549.47,10285.69,3032.38,589.25,13642.15,113
2024-02-01,P0167,C0011,R01,26496.56,9954.99,1994.93,482.48,14064.15,109.5
2024-03-01,P0167,C0011,R01,28449.03,11427.92,2388.03,393.89,14239.19,125
2025-05-01,P0168,C0203,R03,68585.88,29252.63,872.89,1508.89,36951.47,310.7
2023-01-01,P0169,C0217,R04,99579.16,43357.88,6241.77,646.68,49332.84,480.2
2023-02-01,P0169,C0217,R04,102528.15,41818.28,5722.07,1012.05,53975.75,463.2
2023-03-01,P0169,C0217,R04,95413.35,39154.82,5285.42,958.2,50014.9,431.7
2023-04-01,P0169,C0217,R04,106143.27,35124,3940.93,1493.41,65584.92,390.2
2024-09-01,P0170,C0015,R03,5337.76,1853.9,199.4,117.43,3167.02,20.3
2024-10-01,P0170,C0015,R03,5337.76,2002.06,53.2,117.43,3165.06,21.9
2025-03-01,P0171,C0028,R03,56544.52,25126.84,3474.07,113.09,27830.53,265.4
2025-04-01,P0171,C0028,R03,88855.68,50521.6,7523.57,561.71,30248.79,532.8
2025-05-01,P0171,C0028,R03,121166.83,81971.82,11623.67,1832.46,25738.88,870.7
2025-06-01,P0171,C0028,R03,153477.99,93484.49,9393.26,1497.02,49103.22,995
2025-07-01,P0171,C0028,R03,185789.14,121159.59,24729.18,1110.29,38790.08,1286.8
2025-08-01,P0171,C0028,R03,185789.14,97685.37,8579.09,2499.11,77025.57,1049.4
2025-09-01,P0171,C0028,R03,153477.99,74841.88,17291.75,1664.94,59679.42,802.9
2025-10-01,P0171,C0028,R03,121166.83,45719.5,8450.49,242.33,66754.51,486.5
2025-11-01,P0171,C0028,R03,88855.68,29883.72,9373.39,619.07,48979.49,318.7
2025-12-01,P0171,C0028,R03,56544.52,26834.25,4718.37,339.68,24652.23,287.5
2024-08-01,P0172,C0230,R03,145081.25,75597.24,12598.94,2990.78,53894.3,833.1
2024-09-01,P0172,C0230,R03,143871.05,73389.18,10353.32,1818.65,58309.9,801.8
2024-10-01,P0172,C0230,R03,145805.13,80319.85,13033.06,1520.96,50931.25,879.4
2024-11-01,P0172,C0230,R03,133516.33,61152.01,14878.89,882.31,56603.12,670.5
2024-12-01,P0172,C0230,R03,145363.47,57351.91,17375.95,1269.33,69366.28,619.9
2024-03-01,P0173,C0117,R01,53318.29,23537.78,2016.1,623.64,27140.77,257.4
2024-04-01,P0173,C0117,R01,55310.05,24845.21,4119.71,267.38,26077.76,272.8
2024-05-01,P0173,C0117,R01,54963.06,28644.01,4423.65,388.28,21507.12,317
2024-06-01,P0173,C0117,R01,52094.94,23172.13,5743.7,874.07,22305.04,255.6
2023-10-01,P0174,C0015,R03,12266.62,6927.72,1052.28,175.23,4111.39,77.6
2023-11-01,P0174,C0015,R03,11744.85,6795.69,1737.74,148.71,3062.71,76.6
2023-12-01,P0174,C0015,R03,13415.46,5804.3,1119.09,165.44,6326.63,65.7
2024-01-01,P0174,C0015,R03,17937.7,7364.84,3135.26,294.23,7143.37,80.9
2024-02-01,P0174,C0015,R03,16503.31,6818.66,2313.77,82.14,7288.75,75
2024-03-01,P0174,C0015,R03,16487.31,7283.26,858.23,249.62,8096.2,79.7
2024-04-01,P0174,C0015,R03,16463.21,7400.14,1903.44,276.86,6882.77,81.3
2024-05-01,P0174,C0015,R03,15230.03,7942.38,1293.92,53.36,5940.38,87.9
2024-06-01,P0174,C0015,R03,15039.18,6693.93,1328.6,63.49,6953.16,73.8
2024-07-01,P0174,C0015,R03,16850.49,9291.98,665.24,145.37,6747.92,103.1
2024-08-01,P0174,C0015,R03,18014.36,8151.6,1162.77,36.03,8663.96,89.8
2025-02-01,P0175,C0128,R02,18622.79,7158.88,1783.93,260.16,9419.82,74.3
2025-03-01,P0175,C0128,R02,35176.38,15849.42,1869.48,458.65,16998.84,167.4
2025-04-01,P0175,C0128,R02,51729.97,29822.84,6751.85,103.46,15051.83,314.5
2025-05-01,P0175,C0128,R02,35176.38,24129.41,3641.97,446.81,6958.19,256.3
2025-06-01,P0175,C0128,R02,18622.79,11501.46,2687.13,50.68,4383.52,122.4
2023-09-01,P0176,C0143,R03,3854.77,2425.05,135.36,8.06,1286.32,27.3
2023-10-01,P0176,C0143,R03,3581.85,2306.36,90.23,48.01,1137.26,25.8
2023-11-01,P0176,C0143,R03,3938.2,2597.99,91.41,54.73,1194.07,29.3
2023-12-01,P0176,C0143,R03,4197.87,2070.75,134.28,15.42,1977.43,23.4
2024-01-01,P0176,C0143,R03,5103.81,2389.16,241.82,52.21,2420.62,26.3
2024-02-01,P0176,C0143,R03,5008.93,2359.53,203.54,31.07,2414.79,26
2024-03-01,P0176,C0143,R03,4932.87,2484.45,115.03,9.87,2323.54,27.2
2024-04-01,P0176,C0143,R03,4784.88,2452.17,177.47,9.57,2145.68,26.9
2024-05-01,P0176,C0143,R03,4541.64,2700.32,69.66,88.6,1683.05,29.9
2024-06-01,P0176,C0143,R03,4999.52,2537.11,209.98,99.03,2153.41,28
2024-07-01,P0176,C0143,R03,4597.71,2890.62,24.8,63.65,1618.65,32.1
2024-08-01,P0176,C0143,R03,4827.31,2490.48,172.36,128.06,2036.41,27.4
2024-09-01,P0176,C0143,R03,5095.8,2573.68,331.08,46.56,2144.48,28.1
2024-10-01,P0176,C0143,R03,4605.17,2511.76,99.34,75.31,1918.75,27.5
2024-11-01,P0176,C0143,R03,4376.95,1984.86,106.57,73.1,2212.42,21.8
2024-12-01,P0176,C0143,R03,4959.04,1937.2,52.21,76.68,2892.96,20.9
2025-01-01,P0176,C0143,R03,5507.88,2230.68,84.58,22.96,3169.66,23.4
2025-02-01,P0176,C0143,R03,5969.13,2239.88,168.22,93.94,3467.09,23.3
2026-06-01,P0177,C0066,R04,13800.05,7033.34,920.68,51.88,5794.16,73
2026-04-01,P0178,C0028,R03,314769.17,149223.73,25739.08,5278.58,134527.77,1536.8
2026-05-01,P0178,C0028,R03,339649.9,141095.98,27433.23,1505.45,169615.25,1477.9
2024-08-01,P0179,C0010,R04,11116.28,5424.85,656.43,110.45,4924.54,59.8
2024-09-01,P0179,C0010,R04,17468.44,8345.39,2087.57,191.5,6843.98,91.2
2024-10-01,P0179,C0010,R04,23820.6,12289.57,3619.45,163.04,7748.54,134.6
2024-11-01,P0179,C0010,R04,30172.76,12942.71,2231.31,278.32,14720.42,141.9
2024-12-01,P0179,C0010,R04,36524.92,13496.33,1655.77,578.59,20794.23,145.9
2025-01-01,P0179,C0010,R04,38229.21,14645.35,3551.45,291.15,19741.26,153.7
2025-02-01,P0179,C0010,R04,31580.65,11209.48,3164.16,357.67,16849.34,116.4
2025-03-01,P0179,C0010,R04,24932.09,10372.54,2341.78,468.76,11749.01,109.5
2025-04-01,P0179,C0010,R04,18283.54,9732.65,1509.7,267.95,6773.23,102.6
2025-05-01,P0179,C0010,R04,11634.98,7369.29,433.65,51.27,3780.77,78.3
2026-05-01,P0180,C0211,R04,106823.32,49835,11359.3,1082.79,44546.23,522
2026-06-01,P0180,C0211,R04,91848.65,50112.64,7797.71,1220.98,32717.32,520.5
2024-09-01,P0181,C0176,R04,28886.45,15407.53,2012.03,302.91,11163.98,168.3
2024-10-01,P0181,C0176,R04,49894.77,28739.92,4210.93,99.79,16844.14,314.7
2024-11-01,P0181,C0176,R04,70903.1,33956.42,8206.27,628.63,28111.78,372.3
2024-12-01,P0181,C0176,R04,91911.43,37917.74,3924.12,586.6,49482.97,409.8
2025-01-01,P0181,C0176,R04,74211.51,31741.12,10283.96,1382.86,30803.57,333
2025-02-01,P0181,C0176,R04,52222.91,20695.31,5488.1,977.93,25061.58,214.9
2025-03-01,P0181,C0176,R04,30234.32,14043.43,1086.9,342.67,14761.32,148.3
2023-11-01,P0182,C0139,R02,55936.3,34653.23,4822.48,629.74,15830.85,390.4
2023-12-01,P0182,C0139,R02,59107.03,27380.89,4689.9,390.36,26645.87,309.7
2024-01-01,P0182,C0139,R02,73459.16,32292.87,5654.81,852.08,34659.4,354.9
2024-02-01,P0182,C0139,R02,75953.4,33599.99,7465.58,802.39,34085.44,369.7
2024-03-01,P0182,C0139,R02,75738.69,35822.67,9789.49,646.48,29480.05,391.8
2024-04-01,P0182,C0139,R02,68664.61,33046.27,8708.19,2056.32,24853.84,362.9
2024-05-01,P0182,C0139,R02,70819.04,39542.48,8194.7,1543.57,21538.29,437.6
2024-06-01,P0182,C0139,R02,73271.95,34918.78,7085.8,601.97,30665.4,385.2
2025-10-01,P0183,C0028,R03,157005.42,56345.91,16147.35,1882.97,82629.19,599.6
2025-11-01,P0183,C0028,R03,154095.29,49291.15,18172.2,1861.75,84770.19,525.7
2025-12-01,P0183,C0028,R03,143632.54,64830.86,15606.79,804.07,62390.83,694.5
2026-01-01,P0183,C0028,R03,159086.51,71678.12,18650.77,1806.26,66951.36,751.6
2026-02-01,P0183,C0028,R03,156017.05,65669.92,20701.9,1810.79,67834.44,684.2
2026-03-01,P0183,C0028,R03,155355.1,77054.24,18591.23,310.71,59398.93,801.6
2023-03-01,P0184,C0158,R01,11143.14,6197.75,1201.75,55.21,3688.43,68.3
2023-04-01,P0184,C0158,R01,16714.71,7496.54,1377.98,70.71,7769.49,83.3
2023-05-01,P0184,C0158,R01,22286.29,11734.19,2162.44,364.83,8024.82,129.7
2023-06-01,P0184,C0158,R01,27857.86,14503.24,1338.43,522.13,11494.06,160.5
2023-07-01,P0184,C0158,R01,33429.43,21054.23,2586.49,375.18,9413.52,233
2023-08-01,P0184,C0158,R01,39001,27205.33,2620.09,567.99,8607.58,306.7
2023-09-01,P0184,C0158,R01,39001,25102.98,4799.36,138.32,8960.34,283.1
2023-10-01,P0184,C0158,R01,33429.43,22022.99,2576.15,412.87,8417.42,246.6
2023-11-01,P0184,C0158,R01,27857.86,18802.48,4516.43,353.63,4185.31,211.8
2023-12-01,P0184,C0158,R01,22286.29,11247.7,2444.81,309.03,8284.74,127.2
2024-01-01,P0184,C0158,R01,21064.63,10088.63,1566.86,197.78,9211.36,110.9
2024-02-01,P0184,C0158,R01,14043.08,6768.18,910.78,109.22,6254.9,74.5
2025-11-01,P0185,C0213,R01,49024.5,13701.93,3616.89,382.08,31323.61,146.1
2025-12-01,P0185,C0213,R01,49471.96,19510.88,6427.95,322.01,23211.11,209
2026-01-01,P0185,C0213,R01,50638.7,19935.39,7927.67,820.82,21954.82,209
2026-02-01,P0185,C0213,R01,57414.43,21115.64,2407.32,395.16,33496.3,220
2026-03-01,P0185,C0213,R01,57372.93,24863.76,7433.46,355.81,24719.9,258.7
2026-04-01,P0185,C0213,R01,55787.09,24825.58,5006.66,556.22,25398.62,255.7
2026-05-01,P0185,C0213,R01,52649.68,20530.47,4971.19,427.31,26720.71,215
2026-06-01,P0185,C0213,R01,47690.61,21749.15,4675.84,552.1,20713.52,225.9
2023-06-01,P0186,C0266,R03,57487.7,21378.9,2966.83,1264.73,31877.24,236.6
2023-07-01,P0186,C0266,R03,57487.7,25862.98,2521.21,1264.73,27838.78,286.3
2024-05-01,P0187,C0299,R04,18923.79,12148.47,1551.09,220.67,5003.55,134.5
2024-06-01,P0187,C0299,R04,19733,10812.2,970.61,315.49,7634.7,119.3
2024-07-01,P0187,C0299,R04,19867.95,13486.91,1795.53,314.48,4271.02,149.7
2024-08-01,P0187,C0299,R04,19124.07,10652.91,948.35,272.94,7249.87,117.4
2024-09-01,P0187,C0299,R04,18524.49,10101.79,1727.08,135.85,6559.76,110.4
2024-10-01,P0187,C0299,R04,20608.62,12136.47,1746.55,278.29,6447.31,132.9
2024-11-01,P0187,C0299,R04,18327.48,8973.72,674.72,319.9,8359.14,98.4
2024-12-01,P0187,C0299,R04,18615.13,7851.49,2197.54,143.78,8422.32,84.9
2025-01-01,P0187,C0299,R04,18845.85,8241,1045.75,178.88,9380.22,86.5
2025-02-01,P0187,C0299,R04,21552.56,8732.18,1103.48,200.76,11516.14,90.7
2025-03-01,P0187,C0299,R04,17960.17,8528.97,688.19,275.88,8467.14,90.1
2025-03-01,P0188,C0006,R01,91312.75,31657.08,3306.53,798.26,55550.88,334.3
2025-04-01,P0188,C0006,R01,86835.81,38519.69,3471.1,1669.39,43175.62,406.2
2025-05-01,P0188,C0006,R01,90428.35,47728.46,3991.1,1162.72,37546.08,507
2025-08-01,P0189,C0207,R01,84343.58,30976.23,2573.19,1855.56,48938.6,332.8
2024-02-01,P0190,C0082,R01,12782.1,4477.59,567.5,148.52,7588.48,49.3
2024-03-01,P0190,C0082,R01,12962.31,4854.82,865.32,74.24,7167.93,53.1
2024-04-01,P0190,C0082,R01,14472.41,5515.45,1530.46,28.94,7397.56,60.6
2024-05-01,P0190,C0082,R01,13280.07,5871.72,970.11,103.88,6334.38,65
2024-06-01,P0190,C0082,R01,13402.24,5057.65,416.48,51.9,7876.21,55.8
2024-07-01,P0190,C0082,R01,12525.01,5855.83,519.43,94.11,6055.64,65
2024-08-01,P0190,C0082,R01,12793.93,4908.43,513.07,162.66,7209.77,54.1
2023-12-01,P0191,C0198,R04,54604.52,22393.37,5866.55,542.03,25802.57,253.3
2024-01-01,P0191,C0198,R04,65921.08,25654.72,3545.35,1446.34,35274.66,281.9
2024-02-01,P0191,C0198,R04,67350.72,26376.46,4572.12,1402.99,34999.15,290.2
2024-03-01,P0191,C0198,R04,72201.47,30232.12,6864.4,1537.95,33567.01,330.6
2024-04-01,P0191,C0198,R04,77157.4,32873.76,3344.52,586.43,40352.69,361
2024-05-01,P0191,C0198,R04,67305.06,33269.32,6213.5,1471.43,26350.8,368.2
2024-06-01,P0191,C0198,R04,75101.08,31684.71,6147.96,980.87,36287.53,349.5
2024-07-01,P0191,C0198,R04,68643.34,35879.01,12355.8,864.77,19543.76,398.3
2024-08-01,P0191,C0198,R04,78442.86,33645.27,7256.24,156.89,37384.47,370.8
2024-09-01,P0191,C0198,R04,68863.08,28914.85,6714.82,1008.81,32224.59,315.9
2024-10-01,P0191,C0198,R04,66985.9,30374.52,3921.42,773.03,31916.93,332.6
2024-11-01,P0191,C0198,R04,72113.16,27187.35,9970.3,1082.3,33873.21,298.1
2024-02-01,P0192,C0073,R01,56755.44,18163.64,118.82,1248.62,37224.35,199.9
2024-03-01,P0192,C0073,R01,56755.44,19420.09,1739.71,1248.62,34347.02,212.4
2025-07-01,P0193,C0158,R01,13425.68,5186.73,298.32,159.65,7780.97,55.1
2025-08-01,P0193,C0158,R01,13432.46,4183.93,224.48,119,8905.05,44.9
2025-09-01,P0193,C0158,R01,13634.03,3938.61,278.83,227.79,9188.8,42.3
2025-10-01,P0193,C0158,R01,14091.67,3149.92,394.31,209.91,10337.52,33.5
2025-11-01,P0193,C0158,R01,13627.36,2715.07,165.56,84.39,10662.34,29
2025-12-01,P0193,C0158,R01,12824.84,3605.54,405.46,25.65,8788.19,38.6
2026-01-01,P0193,C0158,R01,13550.69,3802.81,238.51,305.37,9204,39.9
2026-02-01,P0193,C0158,R01,14029,3677.99,18.71,148.11,10184.19,38.3
2026-03-01,P0193,C0158,R01,14165.24,4376.07,394.17,239.7,9155.3,45.5
2026-04-01,P0193,C0158,R01,14981.3,4752.43,524.88,29.96,9674.02,48.9
2026-05-01,P0193,C0158,R01,16784.71,4665.71,518.03,206.66,11394.31,48.9
2025-11-01,P0194,C0034,R03,68366.86,18797.83,2290.89,889.25,46388.89,200.5
2025-12-01,P0194,C0034,R03,68907.86,26735,6243.23,1221.62,34708,286.4
2026-01-01,P0194,C0034,R03,87422.2,33857.71,8117.13,1367.17,44080.2,355
2026-02-01,P0194,C0034,R03,79526.65,28773.3,4812.56,1046.67,44894.12,299.8
2026-03-01,P0194,C0034,R03,92233,39322.39,2738.48,1472.62,48699.51,409.1
2024-11-01,P0195,C0179,R04,30108.83,9238.51,343.27,582.78,19944.27,101.3
2024-12-01,P0195,C0179,R04,29236.89,7727.79,199.18,516.84,20793.08,83.5
2025-01-01,P0195,C0179,R04,30967.96,8486.23,990.77,583.57,20907.39,89
2025-02-01,P0195,C0179,R04,33606.43,8532.66,644.5,490.04,23939.23,88.6
2025-03-01,P0195,C0179,R04,29929.82,8906.94,569.54,539.12,19914.22,94.1
2025-04-01,P0195,C0179,R04,34150.55,13003.69,993.14,151.62,20002.09,137.1
2025-05-01,P0195,C0179,R04,30918.69,14008.09,962.81,179.09,15768.7,148.8
2025-06-01,P0195,C0179,R04,29563.97,12059.61,1040.36,59.13,16404.87,128.4
2025-07-01,P0195,C0179,R04,30886.69,13489.19,344.14,342.74,16710.63,143.3
2025-08-01,P0195,C0179,R04,32565.3,11466.78,1570.46,259.12,19268.95,123.2
2025-09-01,P0195,C0179,R04,32984.01,10771.57,642.42,293.42,21276.6,115.6
2025-10-01,P0195,C0179,R04,33011.3,8341.75,820.57,760.17,23088.81,88.8
2025-11-01,P0195,C0179,R04,29309.37,6601.36,655.96,524.09,21527.97,70.4
2025-12-01,P0195,C0179,R04,28609.6,9092.59,114.72,330.23,19072.06,97.4
2026-01-01,P0195,C0179,R04,32948.89,10453,1499.02,243.83,20753.04,109.6
2026-02-01,P0195,C0179,R04,34528.25,10233.31,645.07,218.66,23431.22,106.6
2026-03-01,P0195,C0179,R04,34867.27,12176.88,196.92,401.86,22091.62,126.7
2026-04-01,P0195,C0179,R04,33683.66,12079.34,0,67.37,21536.95,124.4
2023-03-01,P0196,C0082,R01,3706.64,1324.93,137.83,64.03,2179.85,14.6
2023-04-01,P0196,C0082,R01,4411.85,1271.65,97.62,55.26,2987.31,14.1
2023-05-01,P0196,C0082,R01,4249.57,1437.96,7.32,69.57,2734.73,15.9
2023-06-01,P0196,C0082,R01,3840.8,1285.06,180.39,69.71,2305.63,14.2
2023-07-01,P0196,C0082,R01,4428.91,1792.64,77.47,35.42,2523.38,19.8
2023-08-01,P0196,C0082,R01,4284.56,1920.75,80.94,62.38,2220.48,21.7
2023-09-01,P0196,C0082,R01,4135.26,1710.56,143.4,85.62,2195.67,19.3
2023-10-01,P0196,C0082,R01,3995.14,1691.48,154.25,68.91,2080.5,18.9
2023-11-01,P0196,C0082,R01,4439.87,1925.86,185.09,58.66,2270.27,21.7
2023-12-01,P0196,C0082,R01,3585.16,1162.84,4.14,14.41,2403.77,13.2
2024-01-01,P0196,C0082,R01,4526.09,1393.12,188.36,52.34,2892.27,15.3
2024-02-01,P0196,C0082,R01,4457.07,1380.53,113.81,91.58,2871.16,15.2
2024-03-01,P0196,C0082,R01,4911.54,1626.53,66.85,65.1,3153.06,17.8
2024-04-01,P0196,C0082,R01,5278.53,1778.72,136.27,46.33,3317.21,19.5
2024-08-01,P0197,C0234,R02,76235.29,36561.91,1524.71,984.4,37164.28,402.9
2024-09-01,P0197,C0234,R02,84787.37,39807.78,8438.51,1021.15,35519.93,434.9
2024-10-01,P0197,C0234,R02,70688.47,35840.73,7606.95,1806.03,25434.76,392.4
2024-11-01,P0197,C0234,R02,82826.98,34916.15,7672.45,1152.91,39085.47,382.8
2024-12-01,P0197,C0234,R02,81924.09,29749.68,6015.23,1356.94,44802.24,321.6
2025-01-01,P0197,C0234,R02,78601.95,29592.53,9297.75,988.53,38723.14,310.5
2025-02-01,P0197,C0234,R02,80234.29,27987.8,4852.56,1278.26,46115.67,290.6
2024-01-01,P0198,C0289,R04,44453.71,19128.42,3726.94,448.9,21149.45,210.2
2024-02-01,P0198,C0289,R04,95257.94,41248.06,4907.04,1421.88,47680.96,453.9
2024-03-01,P0198,C0289,R04,44453.71,20580.62,1853.4,971.4,21048.29,225.1
2024-07-01,P0199,C0292,R04,27732.79,16611.75,4237.83,337.68,6545.53,184.4
2024-08-01,P0199,C0292,R04,29757.4,14626.67,3689.46,485.08,10956.19,161.2
2024-09-01,P0199,C0292,R04,29053.24,13980.06,4756.29,142.65,10174.24,152.7
2024-10-01,P0199,C0292,R04,25857.34,13436.61,2257.27,306.55,9856.91,147.1
2024-11-01,P0199,C0292,R04,29712.2,12837.1,2360.72,221.44,14292.94,140.7
2024-12-01,P0199,C0292,R04,31096.46,11573.36,1760.51,143.1,17619.49,125.1
2025-01-01,P0199,C0292,R04,32147.85,12404.47,4818.47,461.25,14463.66,130.1
2026-04-01,P0200,C0100,R01,21385.63,9753.27,1602.76,42.77,9986.82,100.4
2026-05-01,P0200,C0100,R01,18701.6,7473.85,451.91,121.74,10654.1,78.3
2026-06-01,P0200,C0100,R01,19539.22,9132.28,814.9,136.97,9455.06,94.8
2025-11-01,P0201,C0094,R01,138245.36,43771.82,2764.91,2208.45,89500.19,466.9
2025-12-01,P0201,C0094,R01,147476.52,65889.51,10032.53,2639.19,68915.29,705.9
2026-01-01,P0201,C0094,R01,155995.87,69571.41,20540,1440.47,64444,729.5
2026-02-01,P0201,C0094,R01,157800.1,65745.52,18299.09,2318.17,71437.31,685
2026-03-01,P0201,C0094,R01,175296.52,86061.46,8333.81,1307.59,79593.66,895.3
2026-04-01,P0201,C0094,R01,150721.24,75982.89,6900.57,2976.41,64861.36,782.5
2026-05-01,P0201,C0094,R01,161242.12,71229.07,15619.5,1823.35,72570.2,746.1
2026-06-01,P0201,C0094,R01,167470.3,86521.25,3349.41,2778.38,74821.27,898.6
2023-04-01,P0202,C0084,R02,12144.83,4442.65,309.83,267.19,7125.15,49.4
2023-05-01,P0202,C0084,R02,12144.83,5215.5,0,267.19,6662.14,57.6
2025-12-01,P0203,C0099,R01,26912.47,12099.81,4184.65,218.46,10409.55,129.6
2026-01-01,P0203,C0099,R01,56000.62,25132.88,5865.13,567.16,24435.45,263.5
2026-02-01,P0203,C0099,R01,82353.85,34528.25,3083.1,730.07,44012.43,359.7
2026-03-01,P0203,C0099,R01,56000.62,27666.87,7562.18,844.04,19927.54,287.8
2026-04-01,P0203,C0099,R01,29647.39,15040.4,3396.7,169.14,11041.14,154.9
2025-02-01,P0204,C0217,R04,61117.41,16976.21,2238.67,1344.58,40557.95,176.3
2025-03-01,P0204,C0217,R04,61117.41,19897.69,2364.42,1344.58,37510.71,210.1
2024-07-01,P0205,C0211,R04,137552.32,126614.84,5668.06,847.71,4421.71,1405.5
2024-08-01,P0205,C0211,R04,275104.65,207798.89,34699.92,2615.18,29990.66,2290.1
2024-09-01,P0205,C0211,R04,275104.65,203426.35,16836.32,2465.38,52376.6,2222.6
2024-10-01,P0205,C0211,R04,137552.32,109842.06,11711.07,2484.21,13514.97,1202.7
2025-06-01,P0206,C0285,R02,58419.57,29112.85,3200.4,793.11,25313.2,309.9
2025-07-01,P0206,C0285,R02,68099.44,36334.06,5386.54,1286.09,25092.75,385.9
2025-08-01,P0206,C0285,R02,56461.87,24288.32,4226.13,1200.38,26747.04,260.9
2025-09-01,P0206,C0285,R02,65508.81,26135.53,5163.25,615.25,33594.78,280.4
2025-10-01,P0206,C0285,R02,63746.36,19679.13,970.51,127.49,42969.22,209.4
2023-07-01,P0207,C0071,R01,88967.71,47706.48,6347.45,1205.33,33708.45,528
2023-08-01,P0207,C0071,R01,77795.52,46202.72,10230.16,668.44,20694.2,520.9
2023-09-01,P0207,C0071,R01,76111.55,41709.47,5028.74,874.27,28499.06,470.3
2023-10-01,P0207,C0071,R01,83815.54,47011.75,10687.9,1392.45,24723.44,526.5
2023-11-01,P0207,C0071,R01,79678.51,45787.12,4752.64,612.67,28526.09,515.8
2023-12-01,P0207,C0071,R01,83181.5,35742.7,7174.31,844.3,39420.2,404.3
2024-01-01,P0207,C0071,R01,101986.3,41586.72,5991.19,768.22,53640.17,457
2024-02-01,P0207,C0071,R01,102794.28,42180.63,6057.63,1155.63,53400.4,464.1
2023-03-01,P0208,C0118,R01,73007.45,40652.7,8903.97,1355.46,22095.31,448.2
2023-04-01,P0208,C0118,R01,131413.4,59006.16,9892,2071,60444.24,655.5
2023-05-01,P0208,C0118,R01,189819.36,100058.01,23069.45,3348.94,63342.95,1106
2023-06-01,P0208,C0118,R01,189819.36,98935.85,23127.77,953.61,66802.13,1095.1
2023-07-01,P0208,C0118,R01,131413.4,82860.21,13085.72,1690.59,33776.89,917.1
2023-08-01,P0208,C0118,R01,73007.45,50984.89,5304.94,773.86,15943.76,574.9
2024-08-01,P0209,C0224,R01,20740,10150.06,2427.76,211.05,7951.12,111.9
2024-09-01,P0209,C0224,R01,20713.9,9923.98,1200.63,263.28,9326.02,108.4
2024-10-01,P0209,C0224,R01,20310.52,10508.4,2428.56,70.73,7302.83,115.1
2024-11-01,P0209,C0224,R01,21201.5,9120.28,1267.74,132.53,10680.95,100
2024-12-01,P0209,C0224,R01,20153.76,7468.17,3532.87,91.43,9061.3,80.7
2025-01-01,P0209,C0224,R01,21361.32,8206.62,2567.33,171.78,10415.59,86.1
2025-02-01,P0209,C0224,R01,19568.2,6965.41,2735.81,136.31,9730.67,72.3
2025-03-01,P0209,C0224,R01,20254.33,8450.37,2258.83,107.22,9437.9,89.2
2025-04-01,P0209,C0224,R01,23473.82,12531.02,2800.95,320.95,7820.9,132.2
2025-05-01,P0209,C0224,R01,19099.04,12131.18,1156.49,78.13,5733.24,128.9
2025-06-01,P0209,C0224,R01,19970.14,11420.51,1380.52,39.94,7129.18,121.6
2025-07-01,P0209,C0224,R01,22835.78,13981.83,2066.91,152.33,6634.71,148.5
2024-08-01,P0210,C0300,R02,51198.34,27475.6,3486.5,817.9,19418.34,302.8
2024-09-01,P0210,C0300,R02,88433.49,46459.24,6541.42,1652.57,33780.27,507.6
2024-10-01,P0210,C0300,R02,125668.65,71297.4,18517.3,251.34,35602.61,780.6
2024-11-01,P0210,C0300,R02,162903.81,76842.99,10895.95,2074.38,73090.5,842.5
2024-12-01,P0210,C0300,R02,125668.65,51064.16,9621.1,390.16,64593.23,551.9
2025-01-01,P0210,C0300,R02,92559.89,38993.31,11135.38,1245.33,41185.87,409.1
2025-02-01,P0210,C0300,R02,53587.3,20916.51,5576.25,496.05,26598.5,217.2
2023-12-01,P0211,C0107,R02,21361.99,10257.13,2441.23,412.35,8251.28,116
2024-01-01,P0211,C0107,R02,26137.52,11909.7,2348.33,115.71,11763.79,130.9
2024-02-01,P0211,C0107,R02,26064.7,11951.44,2764.26,144.9,11204.1,131.5
2024-03-01,P0211,C0107,R02,30129.95,14771.14,1583.97,88.02,13686.82,161.5
2024-04-01,P0211,C0107,R02,26569.28,13253.93,1428.83,405.26,11481.26,145.5
2024-05-01,P0211,C0107,R02,25738.02,14895.82,3074.53,455.2,7312.46,164.9
2024-06-01,P0211,C0107,R02,23557.33,11636.52,1652.88,268.15,9999.79,128.4
2024-07-01,P0211,C0107,R02,25284.56,15473.57,661.37,269.61,8880,171.8
2024-08-01,P0211,C0107,R02,27225.1,13672.04,2777.17,141.09,10634.8,150.7
2025-11-01,P0212,C0193,R03,32979.56,7950.7,2020.64,228.04,22780.18,84.8
2025-12-01,P0212,C0193,R03,37635.27,12802.8,4382.48,125.48,20324.5,137.2
2026-01-01,P0212,C0193,R03,44732.23,15189.9,2907.03,850,25785.31,159.3
2026-02-01,P0212,C0193,R03,39186.35,12431.12,2989.08,108.5,23657.65,129.5
2023-08-01,P0213,C0184,R04,20645.23,10063.1,676.76,454.2,9451.18,113.5
2023-09-01,P0213,C0184,R04,20645.23,9285.45,201.7,454.2,10703.89,104.7
2026-06-01,P0214,C0229,R03,194621.16,107809.74,15391.87,1303.22,70116.33,1119.7
2025-06-01,P0215,C0296,R02,108956.14,49806.78,3057.03,217.91,55874.42,530.1
2025-07-01,P0215,C0296,R02,117969.92,57736.71,6979.39,3090.99,50162.83,613.2
2025-08-01,P0215,C0296,R02,104440.48,41211.78,4336.69,1597.46,57294.54,442.7
2025-11-01,P0216,C0181,R01,39686.17,10293.38,3224.74,246.52,25921.53,109.8
2025-12-01,P0216,C0181,R01,40647.49,14876.54,1476.09,460.35,23834.51,159.4
2026-01-01,P0216,C0181,R01,43696.44,15963.88,1660.73,818.37,25253.45,167.4
2026-02-01,P0216,C0181,R01,42739.36,14586.86,3641.06,270.77,24240.67,152
2026-03-01,P0216,C0181,R01,44625,17946.86,2252.04,519.28,23906.82,186.7
2023-08-01,P0217,C0100,R01,3650.34,2119.01,59.13,84.9,1387.29,23.9
2023-09-01,P0217,C0100,R01,3880.88,2078.75,12.26,85.53,1704.34,23.4
2023-10-01,P0217,C0100,R01,3682.2,2018.72,124.5,29.43,1509.55,22.6
2023-11-01,P0217,C0100,R01,3568.67,2004.45,4.87,31.34,1528.01,22.6
2023-12-01,P0217,C0100,R01,3427.54,1439.56,123.23,31.24,1833.51,16.3
2024-01-01,P0217,C0100,R01,4586.7,1828.1,134.8,53.25,2570.55,20.1
2024-02-01,P0217,C0100,R01,5208.61,2089.07,192.75,79.85,2846.93,23
2024-03-01,P0217,C0100,R01,4531.95,1943.41,21.57,69.47,2497.5,21.3
2024-04-01,P0217,C0100,R01,4617.9,2015,37.96,14.07,2550.87,22.1
2024-05-01,P0217,C0100,R01,4331.32,2192.67,83.79,76.38,1978.48,24.3
2024-06-01,P0217,C0100,R01,4468.24,1930.62,178.37,36.25,2322.99,21.3
2024-07-01,P0217,C0100,R01,5005.58,2679.5,138.64,73.82,2113.63,29.7
2024-08-01,P0217,C0100,R01,4540.84,1994.64,115.34,31.75,2399.12,22
2024-09-01,P0217,C0100,R01,4541.7,1953.04,182.99,68.03,2337.65,21.3
2024-10-01,P0217,C0100,R01,4630.33,2150.28,81.39,50.73,2347.94,23.5
2024-11-01,P0217,C0100,R01,4459.75,1721.95,84.07,68.54,2585.2,18.9
2024-12-01,P0217,C0100,R01,5018.8,1669.27,88.18,81.56,3179.79,18
2025-01-01,P0217,C0100,R01,4932.4,1700.83,0,55.01,3176.55,17.8
2025-10-01,P0218,C0268,R01,103170.93,40154.9,7398.77,1072.69,54544.56,427.3
2025-11-01,P0218,C0268,R01,88076.75,30554.44,7655.9,1224.03,48642.38,325.9
2025-12-01,P0218,C0268,R01,79822.04,39073.76,7738,1424.39,31585.88,418.6
2026-01-01,P0218,C0268,R01,109006.26,53264.54,10682.13,1394.26,43665.32,558.5
2026-02-01,P0218,C0268,R01,111842.07,51054.4,15477.6,1865.21,43444.86,531.9
2026-03-01,P0218,C0268,R01,117281.41,63086.1,4207.73,1133.85,48853.73,656.3
2026-04-01,P0218,C0268,R01,113931.49,62929.49,12463.5,2019.51,36519,648.1
2026-05-01,P0218,C0268,R01,113151.38,54765.58,10094.65,226.3,48064.85,573.6
2026-01-01,P0219,C0037,R03,45807.09,16547.08,1386.76,91.61,27781.64,173.5
2026-02-01,P0219,C0037,R03,45661.47,15409.18,960.65,442.33,28849.31,160.5
2026-03-01,P0219,C0037,R03,46560.97,18515.2,2195.42,923.48,24926.88,192.6
2026-04-01,P0219,C0037,R03,45608.05,18623.17,921.18,1206.63,24857.06,191.8
2026-05-01,P0219,C0037,R03,45607.47,16318.7,1737.61,647.83,26903.33,170.9
2026-06-01,P0219,C0037,R03,48776.37,20411.05,611.21,887.11,26867.01,212
2025-11-01,P0220,C0169,R03,71927.55,23520.82,3060.87,929.75,44416.1,250.9
2025-12-01,P0220,C0169,R03,86296,39819.64,2953.32,1563.42,41959.63,426.6
2026-01-01,P0220,C0169,R03,79688.56,36705.14,2638.73,595.01,39749.67,384.9
2026-02-01,P0220,C0169,R03,85161.22,36644.94,3216.96,613.86,44685.47,381.8
2026-03-01,P0220,C0169,R03,79891.25,40508.66,2152.79,399.89,36829.91,421.4
2026-04-01,P0220,C0169,R03,87456.24,45535.01,1327.88,2135.9,38457.45,468.9
2026-05-01,P0220,C0169,R03,82426.83,37606.3,2858.87,989.09,40972.57,393.9
